StockCode,return_order,t_order,b_rate
D,77,65,118.46
20957,1,1,100.00
21144,1,1,100.00
21412,1,1,100.00
21645,1,1,100.00
35832,1,1,100.00
37503,1,1,100.00
79320,1,1,100.00
79323W,1,1,100.00
84839,1,1,100.00
84856S,1,1,100.00
85023C,1,1,100.00
85042,2,2,100.00
85063,2,2,100.00
85065,1,1,100.00
85068,1,1,100.00
85098B,1,1,100.00
85126,1,1,100.00
CRUK,16,16,100.00
20703,3,4,75.00
79323B,2,3,66.67
79323P,2,3,66.67
84750A,2,3,66.67
35400,8,13,61.54
21655,3,5,60.00
21667,1,2,50.00
22034,1,2,50.00
23630,1,2,50.00
23843,1,2,50.00
72815,1,2,50.00
84857B,1,2,50.00
85047,2,4,50.00
90059A,1,2,50.00
90059D,1,2,50.00
90076,1,2,50.00
90118,1,2,50.00
90168,1,2,50.00
90169,1,2,50.00
90176A,1,2,50.00
90177A,1,2,50.00
90177E,1,2,50.00
90182C,1,2,50.00
90202A,1,2,50.00
M,175,407,43.00
21777,2,5,40.00
22769,2,5,40.00
85232B,6,15,40.00
90185B,2,5,40.00
90185C,3,8,37.50
20901,1,3,33.33
21461,2,6,33.33
22184,2,6,33.33
22764,1,3,33.33
84816,5,15,33.33
90003E,1,3,33.33
90024B,1,3,33.33
90050,1,3,33.33
90148,2,6,33.33
90174,2,6,33.33
90202B,1,3,33.33
90202C,1,3,33.33
90202D,1,3,33.33
90211B,1,3,33.33
23064,10,32,31.25
20821,2,7,28.57
16202E,1,4,25.00
84616,2,8,25.00
84798A,1,4,25.00
84840,1,4,25.00
85118,2,8,25.00
90003B,1,4,25.00
90013A,1,4,25.00
90018C,1,4,25.00
90059B,1,4,25.00
90059C,1,4,25.00
90059E,1,4,25.00
90059F,1,4,25.00
90070,1,4,25.00
90143,2,8,25.00
90177C,1,4,25.00
90199C,2,8,25.00
22486,3,13,23.08
22656,6,26,23.08
78033,2,9,22.22
22198,15,68,22.06
23462,12,56,21.43
22461,12,57,21.05
20793,1,5,20.00
20795,2,10,20.00
20897,2,10,20.00
20898,1,5,20.00
84575A,1,5,20.00
84688,2,10,20.00
90022,1,5,20.00
90101,1,5,20.00
90176D,1,5,20.00
90208,1,5,20.00
90209A,1,5,20.00
23071,4,21,19.05
21424,5,27,18.52
21275,2,11,18.18
84631,2,11,18.18
84799,2,11,18.18
85159B,13,72,18.06
84766,3,17,17.65
22655,8,46,17.39
35004C,8,46,17.39
20798,1,6,16.67
20934,4,24,16.67
21344,1,6,16.67
21736,1,6,16.67
22103,3,18,16.67
23015,3,18,16.67
35001W,1,6,16.67
62043B,1,6,16.67
79191C,13,78,16.67
84598,1,6,16.67
84632,1,6,16.67
84678,2,12,16.67
84881,1,6,16.67
90003C,1,6,16.67
90183A,1,6,16.67
90185A,1,6,16.67
90201B,2,12,16.67
35004B,9,55,16.36
47594A,5,31,16.13
21658,23,149,15.44
84625C,5,33,15.15
21426,3,20,15.00
22060,6,40,15.00
84665,3,20,15.00
23661,4,27,14.81
40001,6,41,14.63
21258,18,124,14.52
75049L,20,138,14.49
22778,18,125,14.40
22106,2,14,14.29
46138B,2,14,14.29
85023B,2,14,14.29
85103,1,7,14.29
90062,1,7,14.29
90064B,1,7,14.29
90108,1,7,14.29
90170,1,7,14.29
90177D,1,7,14.29
37449,25,177,14.12
22891,17,121,14.05
23485,13,93,13.98
23056,6,43,13.95
35924,5,36,13.89
21735,13,95,13.68
21527,21,154,13.64
22929,2,15,13.33
84687,3,23,13.04
71279,4,31,12.90
22364,14,109,12.84
21190,1,8,12.50
21349,1,8,12.50
22039,1,8,12.50
23487,6,48,12.50
23574,2,16,12.50
35957,1,8,12.50
37495,12,96,12.50
47013C,1,8,12.50
79191D,1,8,12.50
84086B,1,8,12.50
85087,1,8,12.50
90003D,1,8,12.50
90058A,1,8,12.50
84949,35,285,12.28
23113,6,49,12.24
84352,3,25,12.00
20794,2,17,11.76
23458,4,34,11.76
85159A,6,51,11.76
23169,34,296,11.49
23111,16,140,11.43
23660,4,35,11.43
23110,28,247,11.34
22797,10,89,11.24
23155,14,125,11.20
20857,1,9,11.11
21318,5,45,11.11
22166,2,18,11.11
22236,11,99,11.11
22503,2,18,11.11
22649,20,180,11.11
72140E,1,9,11.11
84422,1,9,11.11
84751B,1,9,11.11
84857C,1,9,11.11
90192,1,9,11.11
90204,1,9,11.11
21537,7,64,10.94
37450,12,110,10.91
23057,5,46,10.87
22220,9,83,10.84
21427,3,28,10.71
22168,9,84,10.71
22618,3,28,10.71
84663A,3,28,10.71
85131A,3,28,10.71
22360,17,159,10.69
71477,31,294,10.54
22183,2,19,10.53
22719,4,38,10.53
21314,40,382,10.47
21528,10,96,10.42
22061,15,144,10.42
22827,3,29,10.34
22634,23,226,10.18
21459,2,20,10.00
22242,3,30,10.00
23055,4,40,10.00
47351B,1,10,10.00
84247K,1,10,10.00
84685,1,10,10.00
84800S,1,10,10.00
85024C,1,10,10.00
90018A,1,10,10.00
90098,1,10,10.00
84817,6,61,9.84
22768,25,258,9.69
23470,8,83,9.64
22423,181,1883,9.61
21232,61,639,9.55
22456,32,335,9.55
21289,2,21,9.52
23149,2,21,9.52
23459,2,21,9.52
22784,27,286,9.44
23146,22,233,9.44
23112,19,202,9.41
22796,22,234,9.40
22325,6,64,9.38
22838,14,150,9.33
23249,7,75,9.33
23404,14,150,9.33
85048,22,236,9.32
22504,4,43,9.30
21277,2,22,9.09
22105,1,11,9.09
23024,1,11,9.09
23325,3,33,9.09
47594B,3,33,9.09
79337,1,11,9.09
84629,1,11,9.09
84906,1,11,9.09
85019C,1,11,9.09
85045,1,11,9.09
90162B,1,11,9.09
21781,8,89,8.99
21452,13,145,8.97
22960,86,964,8.92
21845,8,90,8.89
22826,4,45,8.89
21843,41,462,8.87
21530,8,91,8.79
22701,5,57,8.77
22842,14,160,8.75
22591,6,69,8.70
22777,4,46,8.70
23022,2,23,8.70
35810B,2,23,8.70
22442,7,81,8.64
21579,3,35,8.57
22628,11,129,8.53
23460,4,47,8.51
22064,15,178,8.43
22357,8,95,8.42
22180,12,143,8.39
22942,12,143,8.39
20932,2,24,8.33
20980,1,12,8.33
21320,1,12,8.33
22444,3,36,8.33
22760,6,72,8.33
22856,2,24,8.33
22878,1,12,8.33
22883,1,12,8.33
23072,2,24,8.33
35921,1,12,8.33
79163,3,36,8.33
84800M,1,12,8.33
84927D,1,12,8.33
84927E,1,12,8.33
90160A,1,12,8.33
90201A,1,12,8.33
22798,17,205,8.29
23250,8,97,8.25
22962,22,267,8.24
72807C,10,122,8.20
82483,45,549,8.20
22776,40,489,8.18
POST,97,1194,8.12
23243,34,419,8.11
23486,6,74,8.11
85040B,3,37,8.11
22637,23,285,8.07
21209,5,62,8.06
22847,30,372,8.06
22788,4,50,8.00
84247E,2,25,8.00
85064,2,25,8.00
22892,17,213,7.98
22362,7,88,7.95
23425,3,38,7.89
22156,13,165,7.88
21205,4,51,7.84
22244,8,102,7.84
22231,9,115,7.83
22890,12,155,7.74
21279,1,13,7.69
21319,1,13,7.69
22700,4,52,7.69
22885,1,13,7.69
23020,6,78,7.69
84750B,1,13,7.69
85039C,1,13,7.69
90147,1,13,7.69
90201C,1,13,7.69
90209C,1,13,7.69
21844,11,145,7.59
22232,5,66,7.58
22307,5,66,7.58
22767,17,225,7.56
23165,18,238,7.56
23168,18,238,7.56
21927,8,106,7.55
22781,13,173,7.51
37446,12,160,7.50
11001,5,67,7.46
22762,7,94,7.45
21284,2,27,7.41
22923,6,81,7.41
84507C,2,27,7.41
22941,20,273,7.33
37447,6,82,7.32
85141,3,41,7.32
22946,7,96,7.29
22990,11,151,7.28
15058A,4,55,7.27
23075,6,83,7.23
37448,12,166,7.23
21313,10,139,7.19
21143,2,28,7.14
21197,1,14,7.14
21359,2,28,7.14
22636,14,196,7.14
22877,1,14,7.14
22893,5,70,7.14
84952B,1,14,7.14
21231,29,408,7.11
21730,9,127,7.09
21539,16,227,7.05
72807A,5,71,7.04
23118,17,242,7.02
84078A,8,114,7.02
84279P,7,101,6.93
22162,2,29,6.90
23099,4,58,6.90
22839,10,146,6.85
21067,3,44,6.82
21194,3,44,6.82
23235,7,103,6.80
22770,4,59,6.78
72802A,4,59,6.78
22832,5,74,6.76
22848,8,119,6.72
23092,9,134,6.72
21208,4,60,6.67
21633,1,15,6.67
21812,3,45,6.67
22057,4,60,6.67
22270,3,45,6.67
22299,3,45,6.67
84251B,1,15,6.67
84461,1,15,6.67
84927A,1,15,6.67
85104,1,15,6.67
85163B,1,15,6.67
84818,7,106,6.60
22167,4,61,6.56
22363,4,61,6.56
22843,8,122,6.56
20979,16,246,6.50
22071,5,77,6.49
22968,10,154,6.49
23085,5,77,6.49
22801,11,170,6.47
84976,2,31,6.45
22846,17,266,6.39
22699,53,836,6.34
21626,5,79,6.33
23079,7,111,6.31
22849,8,127,6.30
21363,6,96,6.25
21642,6,96,6.25
21722,1,16,6.25
22204,2,32,6.25
51020B,1,16,6.25
72802B,5,80,6.25
85160B,1,16,6.25
90058B,1,16,6.25
22501,17,274,6.20
21399,4,65,6.15
23348,8,130,6.15
21622,6,98,6.12
23031,9,147,6.12
22072,9,148,6.08
20803,2,33,6.06
21351,2,33,6.06
21534,8,132,6.06
21743,2,33,6.06
23565,2,33,6.06
84625A,2,33,6.06
21906,6,100,6.00
22720,73,1218,5.99
22230,4,67,5.97
23174,17,285,5.96
22654,14,236,5.93
22698,35,591,5.92
22943,10,169,5.92
21628,1,17,5.88
21644,2,34,5.88
22067,3,51,5.88
22394,1,17,5.88
23494,11,187,5.88
79160,3,51,5.88
84452,1,17,5.88
84968A,3,51,5.88
21463,8,137,5.84
22063,5,86,5.81
21925,4,69,5.80
22780,8,138,5.80
22978,12,209,5.74
22301,11,192,5.73
22697,42,733,5.73
20681,2,35,5.71
22606,8,140,5.71
23032,11,193,5.70
85053,14,247,5.67
21262,3,53,5.66
22840,15,265,5.66
23236,17,301,5.65
22526,4,71,5.63
22070,5,89,5.62
23237,10,179,5.59
20836,1,18,5.56
20854,1,18,5.56
20941,1,18,5.56
22202,1,18,5.56
22494,7,126,5.56
23327,2,36,5.56
23423,3,54,5.56
84609,1,18,5.56
84945,18,324,5.56
85211,1,18,5.56
85066,26,470,5.53
23239,9,164,5.49
22107,4,73,5.48
22320,4,73,5.48
23029,8,146,5.48
23181,4,73,5.48
22963,12,222,5.41
23002,8,148,5.41
79190B,2,37,5.41
22666,47,875,5.37
84459A,3,56,5.36
22059,8,150,5.33
22171,17,320,5.31
22169,16,302,5.30
23252,7,132,5.30
85040A,7,132,5.30
21306,2,38,5.26
21686,1,19,5.26
22102,1,19,5.26
22182,2,38,5.26
22258,2,38,5.26
22263,1,19,5.26
23142,2,38,5.26
23410,1,19,5.26
23567,1,19,5.26
51020A,1,19,5.26
84660A,2,38,5.26
84985A,1,19,5.26
85027L,1,19,5.26
23178,3,58,5.17
85194S,3,58,5.17
22927,7,136,5.15
21218,11,214,5.14
20931,2,39,5.13
21352,2,39,5.13
22924,4,78,5.13
23187,4,78,5.13
85116,2,39,5.13
23176,10,196,5.10
85194L,3,59,5.08
21531,11,217,5.07
17129F,1,20,5.00
20893,1,20,5.00
21456,1,20,5.00
22869,1,20,5.00
23016,1,20,5.00
44234,1,20,5.00
51008,1,20,5.00
79164,1,20,5.00
84228,1,20,5.00
84279B,3,60,5.00
85127,1,20,5.00
84978,30,602,4.98
22424,17,343,4.96
23089,7,141,4.96
22233,4,81,4.94
21820,3,61,4.92
21535,16,326,4.91
23245,37,755,4.90
21246,2,41,4.88
21972,2,41,4.88
23108,18,369,4.88
23166,10,205,4.88
23324,2,41,4.88
21877,15,308,4.87
85178,5,103,4.85
22467,29,599,4.84
23167,9,186,4.84
23408,3,62,4.84
22729,18,376,4.79
21671,14,293,4.78
22725,16,335,4.78
20781,1,21,4.76
20830,1,21,4.76
21129,1,21,4.76
21813,2,42,4.76
21911,1,21,4.76
22201,2,42,4.76
22667,22,462,4.76
22684,3,63,4.76
22882,1,21,4.76
23544,1,21,4.76
35004G,1,21,4.76
72803A,2,42,4.76
84600,1,21,4.76
85088,1,21,4.76
22055,7,149,4.70
23251,5,107,4.67
15058B,2,43,4.65
22065,8,172,4.65
22361,6,129,4.65
23114,2,43,4.65
23409,2,43,4.65
84929,3,65,4.62
22197,50,1085,4.61
21042,5,110,4.55
21264,2,44,4.55
21364,1,22,4.55
21445,1,22,4.55
21850,1,22,4.55
22429,15,330,4.55
23017,1,22,4.55
23244,5,110,4.55
23466,1,22,4.55
37342,3,66,4.55
85025B,1,22,4.55
22859,6,133,4.51
23048,4,89,4.49
23194,8,178,4.49
23527,2,45,4.44
84950,4,91,4.40
21876,9,205,4.39
51014C,5,114,4.39
20802,2,46,4.35
21311,2,46,4.35
21630,1,23,4.35
21788,3,69,4.35
21801,1,23,4.35
21873,4,92,4.35
22221,2,46,4.35
22248,2,46,4.35
22922,4,92,4.35
22928,4,92,4.35
22973,5,115,4.35
23039,1,23,4.35
23139,1,23,4.35
23483,3,69,4.35
72802C,4,92,4.35
84659A,1,23,4.35
84800L,1,23,4.35
84813,1,23,4.35
22841,9,208,4.33
21875,5,116,4.31
22487,17,396,4.29
23431,3,70,4.29
85034A,3,70,4.29
22635,8,187,4.28
22974,7,164,4.27
20914,34,798,4.26
22073,2,47,4.26
22972,8,188,4.26
37370,5,118,4.24
22997,8,189,4.23
22465,7,166,4.22
15034,4,95,4.21
23193,6,143,4.20
22303,10,239,4.18
21038,1,24,4.17
21422,2,48,4.17
21503,1,24,4.17
21942,1,24,4.17
22052,1,24,4.17
22181,2,48,4.17
22430,7,168,4.17
23023,1,24,4.17
23045,1,24,4.17
23225,3,72,4.17
84926F,1,24,4.17
85170B,1,24,4.17
21868,10,242,4.13
15039,3,73,4.11
23347,3,73,4.11
23401,3,73,4.11
23542,3,73,4.11
22627,13,317,4.10
23253,2,49,4.08
71038,2,49,4.08
85035A,3,74,4.05
79000,4,99,4.04
22098,6,149,4.03
21647,1,25,4.00
21846,1,25,4.00
22101,1,25,4.00
22128,3,75,4.00
22251,3,75,4.00
22761,1,25,4.00
35598D,1,25,4.00
47567B,5,125,4.00
84968C,2,50,4.00
85213,1,25,4.00
90200B,1,25,4.00
21216,10,251,3.98
21429,9,226,3.98
22333,11,278,3.96
23273,4,101,3.96
22191,16,407,3.93
22163,2,51,3.92
22393,2,51,3.92
22779,6,153,3.92
21871,11,281,3.91
23175,11,283,3.89
22306,4,103,3.88
22625,18,466,3.86
23172,9,233,3.86
21167,1,26,3.85
21198,2,52,3.85
21713,5,130,3.85
22042,1,26,3.85
22825,1,26,3.85
23042,1,26,3.85
84931B,1,26,3.85
85230G,1,26,3.85
85232A,1,26,3.85
84946,27,704,3.84
21714,5,131,3.82
22464,11,288,3.82
85036C,3,79,3.80
21464,4,106,3.77
22339,2,53,3.77
85132A,2,53,3.77
85170D,2,53,3.77
22665,9,240,3.75
18097C,2,54,3.70
20936,1,27,3.70
21317,1,27,3.70
21395,3,81,3.70
22342,2,54,3.70
22502,9,243,3.70
22791,10,270,3.70
23006,5,135,3.70
23428,1,27,3.70
79191B,1,27,3.70
22845,9,244,3.69
23197,7,190,3.68
85034C,5,136,3.68
82001S,4,109,3.67
22727,33,907,3.64
23026,2,55,3.64
35971,2,55,3.64
21430,12,331,3.63
82486,21,580,3.62
22994,6,166,3.61
23198,14,388,3.61
20801,2,56,3.57
20856,1,28,3.57
21361,2,56,3.57
22460,6,168,3.57
22681,3,84,3.57
20829,6,169,3.55
21155,13,367,3.54
23173,13,367,3.54
23221,4,113,3.54
22278,3,85,3.53
23170,12,340,3.53
23292,6,170,3.53
23433,3,85,3.53
22371,9,256,3.52
22358,4,114,3.51
22976,4,114,3.51
22800,5,143,3.50
21874,7,201,3.48
71053,9,259,3.47
84947,10,288,3.47
20705,1,29,3.45
22245,2,58,3.45
22659,18,522,3.45
22954,1,29,3.45
23568,1,29,3.45
23597,1,29,3.45
35965,1,29,3.45
85025C,1,29,3.45
21533,11,321,3.43
22207,4,117,3.42
22617,15,439,3.42
21394,4,118,3.39
22944,2,59,3.39
23240,17,502,3.39
22300,5,148,3.38
22153,3,89,3.37
22356,17,504,3.37
20985,3,90,3.33
21696,1,30,3.33
21822,2,60,3.33
22094,5,150,3.33
23183,2,60,3.33
37501,1,30,3.33
85054,3,90,3.33
85124B,1,30,3.33
23238,8,241,3.32
20956,2,61,3.28
22186,4,122,3.28
23224,2,61,3.28
23407,4,122,3.28
21896,3,92,3.26
22179,6,184,3.26
15044C,2,62,3.23
21272,2,62,3.23
21926,2,62,3.23
21973,1,31,3.23
23008,4,124,3.23
23160,2,62,3.23
23185,1,31,3.23
35648,2,62,3.23
79030D,1,31,3.23
84508B,1,31,3.23
84826,1,31,3.23
22766,15,469,3.20
20682,6,188,3.19
21428,6,188,3.19
22926,6,188,3.19
21257,5,157,3.18
22328,15,473,3.17
20725,42,1330,3.16
21471,3,95,3.16
21238,9,286,3.15
23004,4,127,3.15
16259,1,32,3.13
20707,1,32,3.13
21643,1,32,3.13
21648,1,32,3.13
22049,1,32,3.13
22276,2,64,3.13
22359,2,64,3.13
22646,9,288,3.13
22763,3,96,3.13
72816,1,32,3.13
84819,2,64,3.13
84820,1,32,3.13
84849A,1,32,3.13
84968D,1,32,3.13
72741,8,257,3.11
23469,2,65,3.08
37340,2,65,3.08
85132C,4,130,3.08
22109,5,163,3.07
23080,7,228,3.07
22138,27,881,3.06
21417,1,33,3.03
21455,1,33,3.03
21708,1,33,3.03
22031,1,33,3.03
22048,1,33,3.03
22932,2,66,3.03
21936,12,397,3.02
22087,8,265,3.02
22774,3,100,3.00
22327,5,167,2.99
22380,6,201,2.99
22492,10,335,2.99
22925,5,167,2.99
84032B,4,134,2.99
84880,2,67,2.99
85175,4,134,2.99
85199L,2,67,2.99
22158,8,269,2.97
23274,3,101,2.97
22967,4,135,2.96
16054,1,34,2.94
20838,1,34,2.94
21056,2,68,2.94
21285,1,34,2.94
21520,1,34,2.94
21586,2,68,2.94
22194,1,34,2.94
22326,18,612,2.94
22936,1,34,2.94
35651,1,34,2.94
84951A,1,34,2.94
85186C,1,34,2.94
21668,10,343,2.92
22730,14,480,2.92
21125,2,69,2.90
21789,2,69,2.90
22900,11,379,2.90
22914,4,138,2.90
23148,7,241,2.90
23288,4,138,2.90
23393,6,207,2.90
15056P,4,139,2.88
21259,7,244,2.87
22178,24,839,2.86
22664,3,105,2.86
22945,4,140,2.86
23123,2,70,2.86
79190A,1,35,2.86
85135B,1,35,2.86
85188A,1,35,2.86
22726,23,809,2.84
23199,21,739,2.84
21564,3,106,2.83
21937,6,212,2.83
22488,9,318,2.83
22605,7,247,2.83
21673,8,284,2.82
22897,5,177,2.82
23254,8,284,2.82
71459,11,390,2.82
22418,7,249,2.81
22947,3,107,2.80
20711,7,252,2.78
22414,2,72,2.78
23074,1,36,2.78
23140,1,36,2.78
23186,2,72,2.78
23297,4,144,2.78
23395,5,180,2.78
84508A,1,36,2.78
21669,10,361,2.77
23289,4,145,2.76
23397,5,181,2.76
20977,4,146,2.74
21469,2,73,2.74
84944,2,73,2.74
21749,3,110,2.73
21263,1,37,2.70
22243,3,111,2.70
22246,1,37,2.70
22352,9,333,2.70
22389,1,37,2.70
22647,1,37,2.70
22728,17,629,2.70
22981,2,74,2.70
23086,1,37,2.70
23180,1,37,2.70
23456,1,37,2.70
84754,1,37,2.70
22212,7,260,2.69
22988,9,335,2.69
85099B,44,1643,2.68
15044D,2,75,2.67
21156,8,300,2.67
22686,2,75,2.67
22844,8,300,2.67
84969,2,75,2.67
21217,7,264,2.65
21705,3,113,2.65
22427,12,453,2.65
22858,3,113,2.65
23403,3,113,2.65
79066K,3,113,2.65
20866,1,38,2.63
22154,3,114,2.63
22322,1,38,2.63
23094,2,76,2.63
72586,1,38,2.63
82613C,1,38,2.63
84031B,1,38,2.63
85180A,1,38,2.63
22367,12,459,2.61
22046,2,77,2.60
23302,5,192,2.60
16258A,1,39,2.56
21784,1,39,2.56
22165,1,39,2.56
22638,1,39,2.56
23028,3,117,2.56
23523,1,39,2.56
47580,2,78,2.56
21974,6,235,2.55
23081,3,118,2.54
82583,10,393,2.54
21039,2,79,2.53
22583,2,79,2.53
23210,4,158,2.53
21090,3,119,2.52
20704,1,40,2.50
21467,2,80,2.50
22596,6,240,2.50
23117,1,40,2.50
22794,4,161,2.48
22682,2,81,2.47
23120,2,81,2.47
85059,2,81,2.47
22998,11,448,2.46
23012,5,203,2.46
21288,1,41,2.44
21581,1,41,2.44
21821,1,41,2.44
21833,3,123,2.44
22050,1,41,2.44
22443,2,82,2.44
22472,2,82,2.44
22509,2,82,2.44
22683,2,82,2.44
23150,1,41,2.44
37500,2,82,2.44
84674,1,41,2.44
84821,1,41,2.44
84927F,1,41,2.44
85172,1,41,2.44
85174,2,82,2.44
84406B,6,247,2.43
22980,6,248,2.42
22068,2,83,2.41
22911,2,83,2.41
23256,8,332,2.41
23335,2,83,2.41
85183A,2,83,2.41
22812,3,125,2.40
22992,7,292,2.40
23374,3,125,2.40
20723,12,504,2.38
21066,1,42,2.38
21624,2,84,2.38
21775,1,42,2.38
22316,1,42,2.38
22345,1,42,2.38
22675,3,126,2.38
23518,1,42,2.38
35923,1,42,2.38
84843,1,42,2.38
22485,4,169,2.37
22834,7,295,2.37
21670,7,296,2.36
22381,7,296,2.36
22950,4,170,2.35
21068,3,128,2.34
23147,6,256,2.34
20728,23,989,2.33
21747,1,43,2.33
47422,1,43,2.33
85036B,1,43,2.33
85177,1,43,2.33
85204,1,43,2.33
22964,7,303,2.31
23182,6,260,2.31
22614,4,174,2.30
22860,2,87,2.30
22938,4,174,2.30
21559,10,436,2.29
23177,5,219,2.28
20840,1,44,2.27
21240,5,220,2.27
22332,3,132,2.27
22824,1,44,2.27
22949,2,88,2.27
23205,8,353,2.27
23413,1,44,2.27
84559B,1,44,2.27
20726,19,839,2.26
21340,6,266,2.26
21890,4,177,2.26
22399,2,89,2.25
23227,2,89,2.25
21672,7,314,2.23
22623,5,224,2.23
23082,6,269,2.23
23229,5,224,2.23
21830,2,90,2.22
22130,2,90,2.22
22305,1,45,2.22
22493,4,180,2.22
23525,1,45,2.22
22915,3,136,2.21
21913,2,91,2.20
22215,2,91,2.20
22318,2,91,2.20
23010,2,91,2.20
47566B,7,320,2.19
21373,1,46,2.17
22170,5,230,2.17
22262,2,92,2.17
22409,1,46,2.17
22588,3,138,2.17
22820,1,46,2.17
22912,2,92,2.17
23126,6,277,2.17
23415,1,46,2.17
37327,1,46,2.17
47563A,1,46,2.17
82613B,1,46,2.17
85071A,2,92,2.17
21931,17,791,2.15
22203,2,93,2.15
22592,2,93,2.15
22933,2,93,2.15
23526,2,93,2.15
48129,4,186,2.15
21870,3,140,2.14
22626,4,187,2.14
20733,1,47,2.13
20772,1,47,2.13
21041,3,141,2.13
21802,1,47,2.13
22272,1,47,2.13
22279,1,47,2.13
22428,2,94,2.13
23025,1,47,2.13
23411,1,47,2.13
23436,2,94,2.13
23454,1,47,2.13
23566,1,47,2.13
20724,16,755,2.12
22193,9,425,2.12
22622,5,236,2.12
21794,2,95,2.11
22152,2,95,2.11
22311,2,95,2.11
22863,2,95,2.11
23234,5,237,2.11
84509A,3,142,2.11
85099C,14,663,2.11
22384,20,951,2.10
22959,3,143,2.10
22971,5,238,2.10
22991,5,239,2.09
16219,1,48,2.08
21556,1,48,2.08
22260,1,48,2.08
22425,3,144,2.08
22545,1,48,2.08
22644,4,192,2.08
22902,2,96,2.08
23122,2,96,2.08
23132,3,144,2.08
23318,7,336,2.08
23380,2,96,2.08
23406,2,96,2.08
82616B,1,48,2.08
85123A,42,2020,2.08
23007,3,145,2.07
21731,11,533,2.06
22268,2,97,2.06
22691,2,97,2.06
22913,2,97,2.06
84792,4,194,2.06
22600,3,146,2.05
23255,3,146,2.05
15044B,1,49,2.04
21199,1,49,2.04
22426,3,147,2.04
23041,1,49,2.04
23091,4,196,2.04
23291,3,147,2.04
72799E,1,49,2.04
84755,11,540,2.04
22187,3,148,2.03
22192,7,345,2.03
23212,3,148,2.03
21703,5,248,2.02
22829,2,99,2.02
22273,6,298,2.01
22355,12,597,2.01
82482,18,894,2.01
21244,3,150,2.00
22041,4,200,2.00
22176,2,100,2.00
22199,2,100,2.00
22336,1,50,2.00
22854,3,150,2.00
22957,4,200,2.00
23087,1,50,2.00
84031A,1,50,2.00
85135C,1,50,2.00
85173,1,50,2.00
23184,4,201,1.99
22284,2,101,1.98
84536B,2,101,1.98
23152,3,152,1.97
23207,13,660,1.97
20727,21,1073,1.96
21682,1,51,1.96
22136,1,51,1.96
22470,16,817,1.96
22547,1,51,1.96
22601,3,153,1.96
22680,2,102,1.96
23106,1,51,1.96
47574A,1,51,1.96
82613D,1,51,1.96
21929,12,614,1.95
22329,3,154,1.95
85099F,13,667,1.95
82494L,16,826,1.94
21069,1,52,1.92
21675,1,52,1.92
22095,2,104,1.92
22598,1,52,1.92
22631,5,261,1.92
22678,2,104,1.92
22804,8,417,1.92
22939,2,104,1.92
23322,10,521,1.92
23524,1,52,1.92
84849D,2,104,1.92
85114B,1,52,1.92
21623,4,209,1.91
22139,16,839,1.91
22149,9,470,1.91
22632,7,366,1.91
23000,4,209,1.91
22741,3,158,1.90
22965,4,210,1.90
20981,4,212,1.89
21248,1,53,1.89
21774,1,53,1.89
22062,1,53,1.89
22366,3,159,1.89
22374,3,159,1.89
22439,3,159,1.89
22450,1,53,1.89
22568,8,424,1.89
22718,2,106,1.89
22865,11,583,1.89
22935,1,53,1.89
23314,2,106,1.89
23556,1,53,1.89
72351B,3,159,1.89
82616C,1,53,1.89
85036A,1,53,1.89
21733,13,692,1.88
22383,20,1063,1.88
22556,10,531,1.88
22377,2,107,1.87
22505,5,267,1.87
51014L,2,107,1.87
84032A,2,107,1.87
22672,3,161,1.86
22650,2,108,1.85
23204,8,433,1.85
23296,6,325,1.85
23427,2,108,1.85
70007,1,54,1.85
85232D,1,54,1.85
23014,3,163,1.84
23084,15,816,1.84
23201,14,766,1.83
22313,1,55,1.82
22405,1,55,1.82
22808,1,55,1.82
22818,3,165,1.82
22852,2,110,1.82
23131,2,110,1.82
23171,5,275,1.82
47599B,2,110,1.82
84535B,2,110,1.82
85061W,2,110,1.82
21481,7,386,1.81
21928,10,552,1.81
23247,5,276,1.81
23382,3,166,1.81
20712,9,501,1.80
21899,4,222,1.80
22147,8,444,1.80
22722,12,665,1.80
23286,3,167,1.80
20832,1,56,1.79
21166,11,613,1.79
22241,3,168,1.79
22811,1,56,1.79
23343,7,392,1.79
82484,11,615,1.79
22580,3,169,1.78
21242,4,226,1.77
21326,5,282,1.77
22441,3,170,1.76
22173,6,343,1.75
22434,2,114,1.75
22689,2,114,1.75
23328,5,286,1.75
22088,3,172,1.74
22677,2,115,1.74
35970,6,345,1.74
22457,17,984,1.73
22956,3,173,1.73
23241,5,289,1.73
21470,2,116,1.72
22250,1,58,1.72
22287,1,58,1.72
22321,1,58,1.72
22349,2,116,1.72
23398,1,58,1.72
23405,1,58,1.72
84849B,1,58,1.72
20752,2,117,1.71
22224,2,117,1.71
22151,5,294,1.70
15056BL,5,296,1.69
21577,2,118,1.69
22338,2,118,1.69
22468,2,118,1.69
22558,11,650,1.69
22645,4,237,1.69
22910,12,709,1.69
23119,2,118,1.69
85032D,1,59,1.69
22283,2,119,1.68
22571,3,179,1.68
22586,2,119,1.68
23309,5,298,1.68
22508,4,240,1.67
22546,1,60,1.67
22597,2,120,1.67
22653,2,120,1.67
23073,1,60,1.67
85185B,1,60,1.67
22752,5,302,1.66
21872,2,121,1.65
21787,3,183,1.64
23013,3,183,1.64
82581,5,307,1.63
20749,6,371,1.62
22567,3,185,1.62
22979,5,309,1.62
23127,3,185,1.62
23319,6,371,1.62
46000S,3,185,1.62
21650,1,62,1.61
22319,1,62,1.61
22340,1,62,1.61
22805,2,124,1.61
22995,3,186,1.61
23299,2,124,1.61
23419,1,62,1.61
21746,3,188,1.60
23093,2,125,1.60
22196,4,251,1.59
22229,1,63,1.59
22624,10,629,1.59
23414,1,63,1.59
23513,1,63,1.59
23514,1,63,1.59
23158,3,190,1.58
23242,3,190,1.58
21137,5,318,1.57
22553,7,446,1.57
22603,2,127,1.57
15056N,6,384,1.56
22343,1,64,1.56
22416,1,64,1.56
22433,3,192,1.56
22515,1,64,1.56
22633,7,448,1.56
72818,1,64,1.56
21519,3,194,1.55
22302,3,193,1.55
23203,17,1097,1.55
21108,3,195,1.54
22217,1,65,1.54
22282,1,65,1.54
22406,1,65,1.54
22471,1,65,1.54
23222,1,65,1.54
84884A,1,65,1.54
23128,2,131,1.53
84029E,5,326,1.53
21408,1,66,1.52
22354,1,66,1.52
22495,1,66,1.52
22540,1,66,1.52
22969,8,526,1.52
23159,3,198,1.52
22690,4,265,1.51
21154,4,266,1.50
21704,3,200,1.50
22066,2,133,1.50
21015,1,67,1.49
21558,4,269,1.49
22452,1,67,1.49
22821,1,67,1.49
85062,2,134,1.49
85231G,1,67,1.49
20719,8,539,1.48
21485,8,541,1.48
22961,13,880,1.48
23051,2,135,1.48
23345,2,135,1.48
84050,3,203,1.48
22252,1,68,1.47
22386,13,884,1.47
22837,2,136,1.47
23163,2,136,1.47
23358,1,68,1.47
23275,4,274,1.46
72760B,2,137,1.46
21891,5,345,1.45
22668,3,207,1.45
22937,2,138,1.45
23161,1,69,1.45
17003,3,209,1.44
20713,6,417,1.44
21169,5,347,1.44
22630,9,625,1.44
22810,2,139,1.44
35471D,2,139,1.44
84970S,6,418,1.44
21381,2,140,1.43
22496,1,70,1.43
22615,1,70,1.43
22676,2,140,1.43
22706,1,70,1.43
22934,1,70,1.43
23301,11,767,1.43
21181,10,704,1.42
22175,2,141,1.42
22507,5,353,1.42
23083,3,212,1.42
21792,1,71,1.41
21915,8,569,1.41
22261,1,71,1.41
22477,1,71,1.41
22599,1,71,1.41
22685,1,71,1.41
22909,7,496,1.41
48116,2,143,1.40
22712,3,216,1.39
22951,5,359,1.39
23226,1,72,1.39
23412,1,72,1.39
84380,7,505,1.39
20982,3,218,1.38
21591,2,145,1.38
22331,2,145,1.38
23154,3,217,1.38
21201,1,73,1.37
22411,11,801,1.37
22674,2,146,1.37
22822,2,146,1.37
23206,12,878,1.37
23295,5,364,1.37
22551,8,587,1.36
22775,2,147,1.36
23294,4,295,1.36
47566,19,1398,1.36
21210,5,370,1.35
21824,1,74,1.35
22744,2,148,1.35
22982,2,148,1.35
22996,4,296,1.35
23287,2,148,1.35
21987,2,149,1.34
48138,7,523,1.34
21088,1,75,1.33
21260,2,150,1.33
22705,1,75,1.33
23536,1,75,1.33
85017B,1,75,1.33
16169E,2,151,1.32
21206,1,76,1.32
21391,1,76,1.32
22074,1,76,1.32
22079,3,228,1.32
22249,1,76,1.32
22466,2,152,1.32
23138,1,76,1.32
23145,2,152,1.32
85176,1,76,1.32
22940,4,306,1.31
23581,4,306,1.31
21124,3,230,1.30
21878,2,154,1.30
22200,1,77,1.30
22382,13,1001,1.30
22398,3,231,1.30
22575,1,77,1.30
22607,4,307,1.30
22694,4,307,1.30
22736,2,154,1.30
23066,1,77,1.30
23315,1,77,1.30
23491,1,77,1.30
20975,4,311,1.29
21754,9,700,1.29
21903,2,155,1.29
22584,2,155,1.29
82580,5,388,1.29
20886,1,78,1.28
21059,1,78,1.28
21383,1,78,1.28
21439,1,78,1.28
22582,1,78,1.28
84006,1,78,1.28
15044A,1,79,1.27
20983,3,237,1.27
21110,1,79,1.27
22432,3,237,1.27
22476,1,79,1.27
22533,1,79,1.27
22989,4,315,1.27
23034,1,79,1.27
23153,1,79,1.27
23196,3,236,1.27
23228,1,79,1.27
23263,5,394,1.27
23268,1,79,1.27
23392,1,79,1.27
23582,3,237,1.27
72807B,1,79,1.27
84997A,3,237,1.27
23200,6,476,1.26
22652,5,399,1.25
22867,6,480,1.25
23144,3,240,1.25
23444,1,80,1.25
22148,2,161,1.24
23232,3,241,1.24
84029G,4,323,1.24
16235,1,81,1.23
21012,1,81,1.23
21677,1,81,1.23
22771,4,325,1.23
23164,1,81,1.23
23377,1,81,1.23
47503A,2,163,1.23
48185,3,244,1.23
84987,3,243,1.23
15036,4,328,1.22
21135,2,164,1.22
21224,1,82,1.22
22090,7,574,1.22
23452,1,82,1.22
21098,2,165,1.21
22379,5,412,1.21
20685,7,583,1.20
21055,1,83,1.20
21578,1,83,1.20
22294,3,249,1.20
22734,4,333,1.20
22132,1,84,1.19
22474,1,84,1.19
23035,2,168,1.19
23461,1,84,1.19
21561,2,169,1.18
22023,1,85,1.18
22120,2,169,1.18
22608,1,85,1.18
23130,2,169,1.18
23298,12,1021,1.18
23344,7,593,1.18
48188,3,255,1.18
85032C,1,85,1.18
23049,2,171,1.17
82551,3,256,1.17
20969,3,259,1.16
21700,1,86,1.16
22155,1,86,1.16
22227,2,172,1.16
22403,1,86,1.16
22662,7,605,1.16
22772,2,172,1.16
23511,1,86,1.16
35953,1,86,1.16
21212,12,1041,1.15
22661,4,347,1.15
22899,3,262,1.15
21058,1,88,1.14
21810,2,175,1.14
22025,1,88,1.14
22449,1,88,1.14
22602,2,176,1.14
22704,2,175,1.14
22809,2,175,1.14
23290,2,176,1.14
23480,2,175,1.14
48173C,2,175,1.14
79321,6,525,1.14
22027,3,265,1.13
22469,11,972,1.13
21786,1,89,1.12
22350,1,89,1.12
22550,2,178,1.12
22629,8,712,1.12
22738,2,178,1.12
22742,1,89,1.12
23061,1,89,1.12
23375,1,89,1.12
22081,1,90,1.11
23368,2,180,1.11
20679,3,273,1.10
22116,1,91,1.10
22291,1,91,1.10
23190,2,181,1.10
23323,3,273,1.10
47590B,4,363,1.10
21447,1,92,1.09
22189,5,457,1.09
22679,1,92,1.09
23267,1,92,1.09
23300,7,642,1.09
23338,1,92,1.09
20750,4,369,1.08
20971,5,461,1.08
22431,3,278,1.08
22970,3,279,1.08
23065,1,93,1.08
23156,2,186,1.08
23209,11,1017,1.08
47504H,1,93,1.08
85150,4,371,1.08
22999,2,187,1.07
23284,7,655,1.07
21382,1,94,1.06
21883,1,94,1.06
21888,3,283,1.06
21917,2,188,1.06
22111,7,663,1.06
22228,1,94,1.06
22312,1,94,1.06
22314,1,94,1.06
22737,2,189,1.06
23293,5,470,1.06
23311,3,284,1.06
82582,4,378,1.06
21389,1,95,1.05
21407,1,95,1.05
21479,4,382,1.05
21918,3,285,1.05
21933,3,286,1.05
22920,2,190,1.05
23188,3,285,1.05
23445,1,95,1.05
72817,1,95,1.05
84012,1,95,1.05
84077,5,477,1.05
84991,7,664,1.05
15060B,1,96,1.04
23316,1,96,1.04
23400,1,96,1.04
23490,1,96,1.04
20718,4,388,1.03
21864,1,97,1.03
22795,3,290,1.03
22993,9,875,1.03
23534,2,195,1.03
20974,3,294,1.02
21123,1,98,1.02
21621,4,395,1.01
22086,10,990,1.01
22569,3,297,1.01
22581,1,99,1.01
22948,1,99,1.01
20676,3,301,1.00
21175,7,699,1.00
21507,2,200,1.00
21880,1,100,1.00
22208,2,201,1.00
22708,1,100,1.00
23372,1,100,1.00
21239,2,203,0.99
22026,1,101,0.99
22112,7,707,0.99
22150,4,406,0.99
22710,1,101,0.99
22711,1,101,0.99
21122,3,307,0.98
22372,1,102,0.98
22835,5,510,0.98
22853,1,102,0.98
23307,5,509,0.98
21991,1,103,0.97
84347,3,308,0.97
21084,1,104,0.96
22045,2,208,0.96
22119,1,104,0.96
22219,3,314,0.96
22378,1,104,0.96
22671,1,104,0.96
23077,3,311,0.96
23355,7,726,0.96
23424,1,104,0.96
85071B,1,104,0.96
22670,2,210,0.95
23283,2,211,0.95
23306,2,211,0.95
82600,4,423,0.95
22047,1,106,0.94
22731,1,106,0.94
22745,3,319,0.94
23103,3,319,0.94
21071,1,108,0.93
21932,3,322,0.93
22396,1,108,0.93
22585,3,322,0.93
22907,5,538,0.93
23078,2,215,0.93
23370,1,107,0.93
23508,1,107,0.93
21033,1,109,0.92
21499,2,217,0.92
22570,3,327,0.92
85231B,1,109,0.92
22096,1,110,0.91
23054,1,110,0.91
84997B,3,329,0.91
21035,2,221,0.90
21163,1,111,0.90
22535,1,111,0.90
22673,1,111,0.90
22896,2,223,0.90
20675,2,225,0.89
21977,6,675,0.89
22083,4,448,0.89
22977,1,112,0.89
23437,1,112,0.89
84828,1,112,0.89
22412,1,114,0.88
22555,4,453,0.88
22757,1,114,0.88
23189,1,114,0.88
23376,1,114,0.88
22121,1,115,0.87
22613,1,115,0.87
84971S,1,115,0.87
85049G,2,229,0.87
20970,2,232,0.86
22274,2,233,0.86
22748,3,349,0.86
10135,1,118,0.85
22141,3,351,0.85
22413,3,354,0.85
22952,4,471,0.85
23211,1,117,0.85
23230,2,234,0.85
23493,3,352,0.85
22523,1,119,0.84
22554,5,592,0.84
22609,1,119,0.84
22723,2,237,0.84
22866,4,475,0.84
23270,1,119,0.84
47590A,3,358,0.84
48184,3,359,0.84
22075,1,121,0.83
22385,4,481,0.83
22421,1,121,0.83
22522,1,121,0.83
22557,4,484,0.83
22693,2,241,0.83
23541,1,121,0.83
22077,6,732,0.82
22209,1,122,0.82
23213,1,122,0.82
47559B,2,243,0.82
10133,1,123,0.81
22099,1,123,0.81
23090,1,123,0.81
23191,2,247,0.81
23265,2,248,0.81
21908,3,377,0.80
21983,1,125,0.80
22544,1,125,0.80
23076,2,250,0.80
21494,1,127,0.79
21980,2,252,0.79
22080,1,127,0.79
22211,1,127,0.79
22365,1,127,0.79
22576,1,126,0.79
22594,1,126,0.79
22746,2,254,0.79
22789,1,127,0.79
84992,4,505,0.79
20961,1,128,0.78
21114,1,129,0.78
22113,4,515,0.78
22271,2,258,0.78
22621,4,513,0.78
22792,1,129,0.78
22024,1,130,0.77
22114,4,518,0.77
23053,1,130,0.77
23202,6,778,0.77
21829,1,132,0.76
22091,1,131,0.76
22483,1,131,0.76
23354,2,263,0.76
84378,4,525,0.76
21523,3,400,0.75
21588,1,133,0.75
21900,2,267,0.75
22097,1,133,0.75
22561,3,398,0.75
23280,1,134,0.75
23285,1,133,0.75
46000M,1,134,0.75
C2,1,134,0.75
16161U,1,135,0.74
21524,3,408,0.74
22537,1,136,0.74
23133,1,135,0.74
23434,1,135,0.74
23351,2,273,0.73
20973,2,278,0.72
21716,1,138,0.72
21976,2,278,0.72
22440,1,139,0.72
22593,1,139,0.72
23346,1,139,0.72
84030E,2,279,0.72
84879,10,1385,0.72
22144,3,424,0.71
22436,1,140,0.71
21484,2,284,0.70
22975,1,143,0.70
84997D,3,427,0.70
21718,1,144,0.69
21934,1,144,0.69
22400,1,144,0.69
22402,1,145,0.69
22536,1,145,0.69
22578,3,436,0.69
22851,2,288,0.69
47599A,1,145,0.69
84510A,1,145,0.69
21158,1,147,0.68
21508,1,146,0.68
21584,1,147,0.68
22930,1,146,0.68
23157,1,146,0.68
23321,4,586,0.68
23390,1,147,0.68
20674,1,150,0.67
21243,1,149,0.67
21892,2,297,0.67
22499,2,298,0.67
22713,1,150,0.67
22743,1,149,0.67
23208,4,601,0.67
85014B,2,305,0.66
22093,1,154,0.65
22110,1,155,0.65
22161,1,154,0.65
22986,1,155,0.65
35961,1,154,0.65
84988,2,309,0.65
84997C,2,310,0.65
21811,1,156,0.64
22714,1,156,0.64
23192,2,314,0.64
23320,2,312,0.64
23342,1,156,0.64
21930,3,474,0.63
21984,1,158,0.63
22419,1,158,0.63
22489,2,320,0.63
22574,1,158,0.63
22663,2,319,0.63
22908,2,315,0.63
23233,1,159,0.63
51014A,1,158,0.63
85199S,1,158,0.63
21902,1,162,0.62
22142,2,323,0.62
22759,2,321,0.62
16237,1,163,0.61
21791,3,488,0.61
23396,1,165,0.61
23503,2,329,0.61
23535,1,163,0.61
20984,1,168,0.60
21179,1,167,0.60
21495,1,166,0.60
21907,2,331,0.60
22082,2,336,0.60
22188,1,167,0.60
22564,1,166,0.60
22669,1,168,0.60
22921,1,167,0.60
22983,2,334,0.60
23129,1,166,0.60
21121,2,338,0.59
21498,2,337,0.59
22692,2,340,0.59
85049E,2,337,0.59
20751,1,172,0.58
23426,1,172,0.58
23497,1,173,0.58
21390,1,175,0.57
22437,1,174,0.57
23005,1,176,0.57
23569,1,175,0.57
47504K,1,175,0.57
48111,1,175,0.57
20978,1,180,0.56
21136,2,354,0.56
21975,3,532,0.56
21990,1,178,0.56
22855,1,180,0.56
23050,1,177,0.56
21790,4,725,0.55
22131,1,181,0.55
22530,1,182,0.55
23313,2,361,0.55
84692,2,366,0.55
21172,2,373,0.54
21411,1,186,0.54
22028,1,186,0.54
22084,2,376,0.53
22750,2,380,0.53
22916,1,187,0.53
22918,1,188,0.53
84832,1,189,0.53
21981,1,191,0.52
22616,2,384,0.52
22917,1,191,0.52
22919,1,192,0.52
23312,1,194,0.52
23215,1,198,0.51
23330,1,196,0.51
85152,3,593,0.51
22491,1,201,0.50
47591D,2,399,0.50
21385,1,206,0.49
21745,1,206,0.49
21935,1,205,0.49
21993,1,206,0.49
22417,2,409,0.49
22534,1,203,0.49
22739,1,205,0.49
23389,1,206,0.49
84375,2,418,0.48
22295,1,213,0.47
22435,1,214,0.47
23100,1,214,0.47
23329,1,216,0.46
23333,1,217,0.46
20677,1,221,0.45
22195,1,221,0.45
23052,1,222,0.45
82578,1,221,0.45
84536A,1,222,0.45
21889,2,451,0.44
23109,1,229,0.44
23356,2,451,0.44
20717,1,232,0.43
21380,1,233,0.43
21901,1,235,0.43
22577,2,465,0.43
22904,1,235,0.43
23367,1,232,0.43
20754,1,240,0.42
22895,1,239,0.42
84836,2,478,0.42
21756,1,243,0.41
48194,2,482,0.41
16161P,1,249,0.40
21164,1,247,0.40
21506,1,251,0.40
21916,1,249,0.40
22563,1,253,0.40
22751,1,252,0.40
23264,1,250,0.40
23349,1,247,0.40
23350,1,247,0.40
21914,2,519,0.39
22348,1,255,0.39
23353,1,254,0.39
85014A,1,257,0.39
21982,1,260,0.38
48187,2,533,0.38
20972,2,537,0.37
22296,1,271,0.37
23332,1,268,0.37
85049A,1,267,0.37
21755,2,557,0.36
22579,1,277,0.36
22966,2,556,0.36
23266,1,275,0.36
21034,3,862,0.35
84596F,1,289,0.35
23583,1,299,0.33
22560,1,337,0.30
84970L,1,337,0.30
21770,1,342,0.29
22619,1,340,0.29
21165,1,360,0.28
22595,1,362,0.28
84596B,1,362,0.28
21080,2,734,0.27
22620,1,365,0.27
22029,1,395,0.25
21213,1,500,0.20
10002,0,49,0.00
10080,0,21,0.00
10120,0,29,0.00
10123C,0,3,0.00
10124A,0,5,0.00
10124G,0,4,0.00
10125,0,61,0.00
15030,0,12,0.00
15058C,0,30,0.00
16008,0,70,0.00
16010,0,3,0.00
16011,0,46,0.00
16012,0,35,0.00
16014,0,54,0.00
16015,0,24,0.00
16016,0,65,0.00
16020C,0,2,0.00
16033,0,4,0.00
16043,0,2,0.00
16045,0,68,0.00
16046,0,13,0.00
16048,0,47,0.00
16049,0,5,0.00
16052,0,6,0.00
16151A,0,3,0.00
16156L,0,18,0.00
16156S,0,167,0.00
16161G,0,22,0.00
16161M,0,1,0.00
16162L,0,6,0.00
16162M,0,7,0.00
16168M,0,20,0.00
16169K,0,8,0.00
16169M,0,25,0.00
16169N,0,1,0.00
16169P,0,2,0.00
16202A,0,2,0.00
16202B,0,2,0.00
16206B,0,2,0.00
16207A,0,5,0.00
16207B,0,3,0.00
16216,0,41,0.00
16218,0,50,0.00
16225,0,75,0.00
16236,0,73,0.00
16238,0,78,0.00
16244B,0,2,0.00
16248B,0,7,0.00
16254,0,9,0.00
17001,0,1,0.00
17007B,0,2,0.00
17011F,0,6,0.00
17012A,0,24,0.00
17012B,0,36,0.00
17012C,0,43,0.00
17012D,0,44,0.00
17012E,0,3,0.00
17012F,0,42,0.00
17013D,0,11,0.00
17014A,0,7,0.00
17021,0,47,0.00
17028J,0,1,0.00
17038,0,19,0.00
17084A,0,7,0.00
17084J,0,8,0.00
17084N,0,32,0.00
17084P,0,13,0.00
17084R,0,27,0.00
17090A,0,10,0.00
17090D,0,12,0.00
17091A,0,25,0.00
17091J,0,87,0.00
17096,0,13,0.00
17107D,0,46,0.00
17109D,0,5,0.00
17136A,0,17,0.00
17164B,0,9,0.00
17165D,0,7,0.00
17174,0,3,0.00
17191A,0,2,0.00
18007,0,17,0.00
18094C,0,15,0.00
18097A,0,4,0.00
18098C,0,36,0.00
20615,0,35,0.00
20616,0,25,0.00
20617,0,26,0.00
20618,0,28,0.00
20619,0,22,0.00
20622,0,32,0.00
20652,0,33,0.00
20653,0,6,0.00
20654,0,23,0.00
20655,0,34,0.00
20657,0,22,0.00
20658,0,59,0.00
20659,0,29,0.00
20661,0,5,0.00
20662,0,5,0.00
20663,0,3,0.00
20664,0,3,0.00
20665,0,73,0.00
20666,0,4,0.00
20667,0,1,0.00
20668,0,181,0.00
20669,0,42,0.00
20670,0,6,0.00
20671,0,2,0.00
20678,0,1,0.00
20684,0,32,0.00
20686,0,64,0.00
20694,0,10,0.00
20695,0,4,0.00
20696,0,10,0.00
20697,0,9,0.00
20698,0,7,0.00
20699,0,11,0.00
20700,0,4,0.00
20701,0,3,0.00
20702,0,40,0.00
20716,0,34,0.00
20731,0,8,0.00
20735,0,30,0.00
20748,0,30,0.00
20755,0,50,0.00
20756,0,22,0.00
20757,0,30,0.00
20758,0,41,0.00
20759,0,20,0.00
20760,0,21,0.00
20761,0,52,0.00
20762,0,51,0.00
20763,0,25,0.00
20764,0,60,0.00
20765,0,51,0.00
20766,0,47,0.00
20767,0,58,0.00
20768,0,36,0.00
20769,0,26,0.00
20770,0,28,0.00
20771,0,27,0.00
20773,0,23,0.00
20774,0,22,0.00
20775,0,20,0.00
20777,0,36,0.00
20778,0,8,0.00
20780,0,17,0.00
20782,0,17,0.00
20785,0,5,0.00
20796,0,8,0.00
20816,0,2,0.00
20818,0,2,0.00
20819,0,16,0.00
20820,0,2,0.00
20823,0,7,0.00
20826,0,8,0.00
20827,0,2,0.00
20828,0,177,0.00
20831,0,24,0.00
20835,0,7,0.00
20837,0,15,0.00
20839,0,49,0.00
20845,0,11,0.00
20846,0,62,0.00
20847,0,14,0.00
20848,0,8,0.00
20851,0,7,0.00
20861,0,2,0.00
20867,0,25,0.00
20868,0,31,0.00
20869,0,17,0.00
20878,0,7,0.00
20892,0,1,0.00
20894,0,9,0.00
20902,0,6,0.00
20903,0,10,0.00
20906,0,2,0.00
20910,0,3,0.00
20933,0,9,0.00
20935,0,4,0.00
20963,0,122,0.00
20964,0,1,0.00
20966,0,41,0.00
20967,0,75,0.00
20986,0,58,0.00
20992,0,244,0.00
20996,0,184,0.00
20997,0,5,0.00
20998,0,28,0.00
21000,0,16,0.00
21001,0,12,0.00
21002,0,5,0.00
21003,0,6,0.00
21011,0,2,0.00
21014,0,66,0.00
21018,0,4,0.00
21025,0,16,0.00
21026,0,22,0.00
21027,0,17,0.00
21028,0,21,0.00
21030,0,21,0.00
21031,0,10,0.00
21032,0,15,0.00
21040,0,8,0.00
21043,0,57,0.00
21051,0,24,0.00
21054,0,27,0.00
21060,0,53,0.00
21061,0,52,0.00
21062,0,61,0.00
21063,0,81,0.00
21064,0,54,0.00
21065,0,40,0.00
21070,0,77,0.00
21078,0,201,0.00
21086,0,285,0.00
21087,0,10,0.00
21089,0,24,0.00
21094,0,325,0.00
21095,0,9,0.00
21096,0,70,0.00
21100,0,8,0.00
21106,0,34,0.00
21107,0,62,0.00
21109,0,68,0.00
21111,0,50,0.00
21112,0,46,0.00
21115,0,129,0.00
21116,0,117,0.00
21117,0,14,0.00
21126,0,67,0.00
21128,0,16,0.00
21131,0,17,0.00
21132,0,16,0.00
21145,0,8,0.00
21147,0,21,0.00
21157,0,14,0.00
21159,0,108,0.00
21161,0,34,0.00
21162,0,137,0.00
21171,0,60,0.00
21174,0,371,0.00
21187,0,33,0.00
21188,0,33,0.00
21189,0,29,0.00
21191,0,44,0.00
21192,0,39,0.00
21195,0,24,0.00
21196,0,9,0.00
21200,0,39,0.00
21202,0,20,0.00
21204,0,51,0.00
21207,0,84,0.00
21211,0,66,0.00
21215,0,63,0.00
21219,0,42,0.00
21220,0,41,0.00
21221,0,24,0.00
21222,0,35,0.00
21226,0,4,0.00
21228,0,2,0.00
21245,0,100,0.00
21249,0,79,0.00
21250,0,17,0.00
21251,0,35,0.00
21253,0,16,0.00
21261,0,27,0.00
21265,0,16,0.00
21268,0,1,0.00
21269,0,18,0.00
21270,0,13,0.00
21278,0,7,0.00
21280,0,12,0.00
21281,0,6,0.00
21286,0,18,0.00
21287,0,54,0.00
21291,0,40,0.00
21292,0,26,0.00
21293,0,18,0.00
21294,0,58,0.00
21307,0,13,0.00
21310,0,1,0.00
21316,0,9,0.00
21324,0,20,0.00
21327,0,145,0.00
21328,0,187,0.00
21329,0,168,0.00
21331,0,7,0.00
21332,0,8,0.00
21333,0,15,0.00
21336,0,3,0.00
21348,0,5,0.00
21354,0,68,0.00
21355,0,107,0.00
21356,0,53,0.00
21357,0,10,0.00
21358,0,59,0.00
21360,0,14,0.00
21365,0,42,0.00
21366,0,10,0.00
21367,0,35,0.00
21368,0,30,0.00
21369,0,13,0.00
21370,0,8,0.00
21371,0,32,0.00
21372,0,25,0.00
21374,0,40,0.00
21375,0,10,0.00
21376,0,13,0.00
21377,0,19,0.00
21378,0,22,0.00
21379,0,23,0.00
21386,0,46,0.00
21392,0,6,0.00
21393,0,7,0.00
21397,0,44,0.00
21398,0,49,0.00
21400,0,48,0.00
21401,0,58,0.00
21402,0,61,0.00
21403,0,71,0.00
21413,0,10,0.00
21414,0,1,0.00
21415,0,30,0.00
21416,0,4,0.00
21418,0,12,0.00
21420,0,13,0.00
21421,0,13,0.00
21425,0,16,0.00
21441,0,38,0.00
21442,0,36,0.00
21446,0,75,0.00
21448,0,62,0.00
21454,0,43,0.00
21457,0,16,0.00
21458,0,19,0.00
21460,0,9,0.00
21462,0,67,0.00
21465,0,63,0.00
21466,0,91,0.00
21468,0,50,0.00
21472,0,33,0.00
21473,0,18,0.00
21476,0,18,0.00
21486,0,4,0.00
21488,0,2,0.00
21497,0,230,0.00
21500,0,213,0.00
21504,0,96,0.00
21509,0,203,0.00
21518,0,17,0.00
21538,0,2,0.00
21544,0,113,0.00
21547,0,16,0.00
21555,0,12,0.00
21557,0,51,0.00
21562,0,25,0.00
21563,0,134,0.00
21576,0,46,0.00
21580,0,24,0.00
21587,0,26,0.00
21592,0,210,0.00
21609,0,73,0.00
21613,0,38,0.00
21614,0,7,0.00
21615,0,100,0.00
21616,0,104,0.00
21617,0,76,0.00
21618,0,51,0.00
21619,0,121,0.00
21620,0,124,0.00
21625,0,113,0.00
21627,0,24,0.00
21629,0,25,0.00
21631,0,16,0.00
21632,0,5,0.00
21634,0,23,0.00
21635,0,15,0.00
21636,0,71,0.00
21637,0,6,0.00
21638,0,31,0.00
21640,0,46,0.00
21641,0,23,0.00
21651,0,10,0.00
21654,0,47,0.00
21656,0,17,0.00
21657,0,15,0.00
21661,0,3,0.00
21662,0,16,0.00
21664,0,17,0.00
21666,0,33,0.00
21676,0,32,0.00
21678,0,16,0.00
21679,0,87,0.00
21680,0,53,0.00
21681,0,2,0.00
21683,0,48,0.00
21684,0,36,0.00
21688,0,39,0.00
21689,0,23,0.00
21690,0,7,0.00
21692,0,7,0.00
21693,0,43,0.00
21694,0,20,0.00
21695,0,35,0.00
21698,0,22,0.00
21706,0,68,0.00
21707,0,47,0.00
21709,0,31,0.00
21710,0,31,0.00
21711,0,23,0.00
21715,0,138,0.00
21717,0,38,0.00
21719,0,34,0.00
21720,0,8,0.00
21721,0,20,0.00
21723,0,38,0.00
21724,0,57,0.00
21725,0,32,0.00
21726,0,36,0.00
21738,0,18,0.00
21739,0,48,0.00
21741,0,28,0.00
21742,0,89,0.00
21744,0,80,0.00
21750,0,16,0.00
21757,0,3,0.00
21758,0,14,0.00
21761,0,10,0.00
21763,0,4,0.00
21769,0,2,0.00
21773,0,59,0.00
21785,0,4,0.00
21793,0,66,0.00
21803,0,49,0.00
21804,0,40,0.00
21807,0,25,0.00
21808,0,21,0.00
21809,0,85,0.00
21814,0,12,0.00
21815,0,18,0.00
21816,0,7,0.00
21817,0,54,0.00
21818,0,147,0.00
21819,0,118,0.00
21823,0,69,0.00
21826,0,18,0.00
21827,0,3,0.00
21828,0,68,0.00
21832,0,115,0.00
21836,0,2,0.00
21839,0,1,0.00
21841,0,20,0.00
21847,0,5,0.00
21849,0,22,0.00
21851,0,15,0.00
21865,0,68,0.00
21866,0,106,0.00
21867,0,75,0.00
21879,0,57,0.00
21881,0,45,0.00
21882,0,38,0.00
21884,0,44,0.00
21894,0,71,0.00
21895,0,1,0.00
21897,0,2,0.00
21898,0,7,0.00
21904,0,23,0.00
21905,0,110,0.00
21910,0,8,0.00
21912,0,268,0.00
21922,0,167,0.00
21943,0,10,0.00
21944,0,33,0.00
21945,0,29,0.00
21946,0,11,0.00
21947,0,82,0.00
21948,0,54,0.00
21949,0,59,0.00
21955,0,155,0.00
21967,0,173,0.00
21985,0,354,0.00
21986,0,155,0.00
21988,0,147,0.00
21989,0,205,0.00
21992,0,199,0.00
22021,0,64,0.00
22030,0,242,0.00
22032,0,31,0.00
22033,0,21,0.00
22035,0,87,0.00
22037,0,257,0.00
22038,0,19,0.00
22040,0,28,0.00
22043,0,43,0.00
22044,0,36,0.00
22051,0,39,0.00
22053,0,26,0.00
22069,0,37,0.00
22076,0,113,0.00
22078,0,143,0.00
22085,0,73,0.00
22089,0,180,0.00
22092,0,88,0.00
22100,0,38,0.00
22104,0,12,0.00
22108,0,28,0.00
22115,0,183,0.00
22117,0,72,0.00
22118,0,78,0.00
22123,0,72,0.00
22124,0,23,0.00
22125,0,1,0.00
22127,0,20,0.00
22129,0,36,0.00
22133,0,60,0.00
22134,0,55,0.00
22135,0,48,0.00
22137,0,11,0.00
22145,0,1,0.00
22146,0,1,0.00
22157,0,11,0.00
22164,0,12,0.00
22174,0,169,0.00
22185,0,126,0.00
22190,0,52,0.00
22210,0,142,0.00
22214,0,21,0.00
22216,0,20,0.00
22218,0,1,0.00
22222,0,149,0.00
22223,0,42,0.00
22247,0,56,0.00
22254,0,41,0.00
22255,0,44,0.00
22256,0,33,0.00
22257,0,16,0.00
22259,0,16,0.00
22264,0,40,0.00
22265,0,48,0.00
22266,0,78,0.00
22267,0,75,0.00
22269,0,87,0.00
22275,0,1,0.00
22277,0,63,0.00
22280,0,30,0.00
22281,0,43,0.00
22285,0,90,0.00
22286,0,79,0.00
22288,0,39,0.00
22289,0,19,0.00
22292,0,88,0.00
22293,0,82,0.00
22297,0,221,0.00
22304,0,47,0.00
22308,0,36,0.00
22309,0,64,0.00
22310,0,51,0.00
22315,0,119,0.00
22317,0,39,0.00
22323,0,1,0.00
22324,0,29,0.00
22334,0,91,0.00
22335,0,123,0.00
22337,0,26,0.00
22341,0,41,0.00
22344,0,46,0.00
22346,0,32,0.00
22351,0,1,0.00
22353,0,24,0.00
22375,0,96,0.00
22376,0,82,0.00
22390,0,30,0.00
22391,0,18,0.00
22395,0,15,0.00
22407,0,23,0.00
22408,0,22,0.00
22410,0,46,0.00
22415,0,13,0.00
22420,0,84,0.00
22422,0,73,0.00
22438,0,68,0.00
22445,0,93,0.00
22446,0,38,0.00
22447,0,16,0.00
22448,0,34,0.00
22451,0,38,0.00
22453,0,46,0.00
22454,0,37,0.00
22458,0,14,0.00
22459,0,15,0.00
22473,0,79,0.00
22475,0,109,0.00
22478,0,76,0.00
22479,0,54,0.00
22480,0,67,0.00
22481,0,84,0.00
22482,0,48,0.00
22497,0,59,0.00
22498,0,96,0.00
22500,0,85,0.00
22510,0,41,0.00
22511,0,48,0.00
22512,0,32,0.00
22513,0,51,0.00
22514,0,75,0.00
22516,0,41,0.00
22517,0,54,0.00
22518,0,57,0.00
22519,0,65,0.00
22520,0,105,0.00
22521,0,94,0.00
22524,0,65,0.00
22525,0,52,0.00
22529,0,61,0.00
22531,0,163,0.00
22532,0,66,0.00
22538,0,26,0.00
22539,0,85,0.00
22541,0,21,0.00
22543,0,39,0.00
22548,0,179,0.00
22549,0,244,0.00
22559,0,39,0.00
22562,0,190,0.00
22565,0,108,0.00
22566,0,118,0.00
22572,0,126,0.00
22573,0,154,0.00
22587,0,120,0.00
22589,0,57,0.00
22604,0,108,0.00
22610,0,171,0.00
22611,0,40,0.00
22639,0,127,0.00
22640,0,41,0.00
22641,0,24,0.00
22642,0,43,0.00
22643,0,30,0.00
22651,0,94,0.00
22660,0,69,0.00
22687,0,35,0.00
22688,0,27,0.00
22695,0,96,0.00
22696,0,123,0.00
22702,0,43,0.00
22703,0,40,0.00
22707,0,47,0.00
22709,0,39,0.00
22715,0,98,0.00
22716,0,214,0.00
22717,0,87,0.00
22721,0,246,0.00
22732,0,126,0.00
22733,0,141,0.00
22735,0,86,0.00
22740,0,107,0.00
22747,0,169,0.00
22749,0,401,0.00
22753,0,166,0.00
22754,0,194,0.00
22755,0,193,0.00
22756,0,93,0.00
22758,0,127,0.00
22765,0,3,0.00
22773,0,145,0.00
22782,0,74,0.00
22783,0,32,0.00
22785,0,54,0.00
22786,0,37,0.00
22799,0,79,0.00
22802,0,34,0.00
22803,0,25,0.00
22806,0,28,0.00
22807,0,107,0.00
22813,0,154,0.00
22814,0,95,0.00
22815,0,113,0.00
22816,0,176,0.00
22817,0,126,0.00
22819,0,126,0.00
22823,0,13,0.00
22828,0,7,0.00
22830,0,6,0.00
22831,0,104,0.00
22833,0,4,0.00
22857,0,58,0.00
22861,0,38,0.00
22862,0,45,0.00
22868,0,10,0.00
22870,0,15,0.00
22871,0,10,0.00
22872,0,13,0.00
22873,0,13,0.00
22874,0,11,0.00
22875,0,14,0.00
22876,0,11,0.00
22879,0,8,0.00
22880,0,11,0.00
22881,0,13,0.00
22884,0,16,0.00
22886,0,13,0.00
22887,0,11,0.00
22888,0,8,0.00
22889,0,7,0.00
22894,0,109,0.00
22898,0,277,0.00
22903,0,32,0.00
22905,0,67,0.00
22906,0,187,0.00
22931,0,110,0.00
22953,0,82,0.00
22955,0,106,0.00
22984,0,140,0.00
22985,0,96,0.00
22987,0,4,0.00
23003,0,52,0.00
23009,0,61,0.00
23018,0,20,0.00
23019,0,28,0.00
23021,0,25,0.00
23027,0,27,0.00
23033,0,59,0.00
23036,0,15,0.00
23037,0,18,0.00
23038,0,6,0.00
23040,0,36,0.00
23043,0,19,0.00
23044,0,24,0.00
23046,0,34,0.00
23047,0,25,0.00
23058,0,44,0.00
23060,0,39,0.00
23067,0,71,0.00
23068,0,130,0.00
23069,0,31,0.00
23070,0,33,0.00
23088,0,57,0.00
23096,0,117,0.00
23101,0,190,0.00
23102,0,139,0.00
23104,0,44,0.00
23107,0,61,0.00
23115,0,38,0.00
23116,0,17,0.00
23121,0,87,0.00
23124,0,24,0.00
23125,0,16,0.00
23134,0,37,0.00
23135,0,42,0.00
23136,0,44,0.00
23137,0,20,0.00
23141,0,18,0.00
23143,0,12,0.00
23151,0,19,0.00
23162,0,142,0.00
23179,0,40,0.00
23214,0,92,0.00
23216,0,40,0.00
23217,0,84,0.00
23218,0,33,0.00
23219,0,49,0.00
23220,0,77,0.00
23223,0,67,0.00
23231,0,257,0.00
23269,0,76,0.00
23271,0,75,0.00
23272,0,35,0.00
23281,0,91,0.00
23282,0,102,0.00
23303,0,6,0.00
23304,0,9,0.00
23305,0,9,0.00
23308,0,305,0.00
23310,0,213,0.00
23317,0,70,0.00
23326,0,55,0.00
23331,0,81,0.00
23334,0,95,0.00
23336,0,63,0.00
23337,0,60,0.00
23339,0,58,0.00
23340,0,122,0.00
23341,0,98,0.00
23352,0,162,0.00
23357,0,88,0.00
23359,0,76,0.00
23360,0,107,0.00
23365,0,128,0.00
23366,0,141,0.00
23369,0,95,0.00
23371,0,133,0.00
23373,0,88,0.00
23378,0,144,0.00
23379,0,50,0.00
23381,0,64,0.00
23388,0,135,0.00
23391,0,69,0.00
23394,0,119,0.00
23399,0,176,0.00
23402,0,55,0.00
23416,0,18,0.00
23417,0,21,0.00
23418,0,60,0.00
23420,0,28,0.00
23421,0,26,0.00
23422,0,31,0.00
23429,0,20,0.00
23430,0,17,0.00
23432,0,70,0.00
23435,0,44,0.00
23438,0,98,0.00
23439,0,371,0.00
23440,0,5,0.00
23441,0,3,0.00
23442,0,7,0.00
23446,0,3,0.00
23447,0,4,0.00
23448,0,3,0.00
23449,0,1,0.00
23451,0,44,0.00
23453,0,46,0.00
23455,0,34,0.00
23457,0,29,0.00
23463,0,7,0.00
23464,0,6,0.00
23465,0,15,0.00
23467,0,5,0.00
23468,0,11,0.00
23471,0,26,0.00
23472,0,30,0.00
23473,0,43,0.00
23474,0,27,0.00
23475,0,26,0.00
23476,0,18,0.00
23477,0,8,0.00
23478,0,10,0.00
23479,0,40,0.00
23481,0,27,0.00
23482,0,36,0.00
23484,0,25,0.00
23489,0,137,0.00
23492,0,26,0.00
23495,0,24,0.00
23496,0,22,0.00
23498,0,86,0.00
23499,0,93,0.00
23500,0,84,0.00
23501,0,85,0.00
23502,0,87,0.00
23504,0,190,0.00
23505,0,104,0.00
23506,0,127,0.00
23507,0,101,0.00
23509,0,54,0.00
23510,0,95,0.00
23512,0,49,0.00
23515,0,59,0.00
23516,0,40,0.00
23517,0,51,0.00
23519,0,19,0.00
23520,0,30,0.00
23521,0,22,0.00
23522,0,21,0.00
23528,0,34,0.00
23529,0,30,0.00
23530,0,74,0.00
23531,0,97,0.00
23532,0,26,0.00
23533,0,31,0.00
23537,0,21,0.00
23538,0,27,0.00
23539,0,35,0.00
23540,0,10,0.00
23543,0,94,0.00
23545,0,83,0.00
23546,0,120,0.00
23547,0,62,0.00
23548,0,43,0.00
23549,0,51,0.00
23550,0,63,0.00
23551,0,95,0.00
23552,0,103,0.00
23553,0,62,0.00
23554,0,54,0.00
23555,0,48,0.00
23557,0,29,0.00
23558,0,47,0.00
23559,0,75,0.00
23560,0,20,0.00
23561,0,13,0.00
23562,0,37,0.00
23564,0,42,0.00
23570,0,231,0.00
23571,0,216,0.00
23575,0,22,0.00
23576,0,29,0.00
23578,0,11,0.00
23579,0,24,0.00
23580,0,21,0.00
23598,0,42,0.00
23664,0,1,0.00
23681,0,118,0.00
23691,0,38,0.00
23692,0,2,0.00
23694,0,24,0.00
23695,0,44,0.00
23697,0,26,0.00
23702,0,3,0.00
35001G,0,24,0.00
35004P,0,1,0.00
35095A,0,34,0.00
35095B,0,41,0.00
35241,0,30,0.00
35265,0,11,0.00
35271S,0,2,0.00
35443,0,5,0.00
35591T,0,4,0.00
35597A,0,1,0.00
35597B,0,1,0.00
35597D,0,2,0.00
35598A,0,2,0.00
35598B,0,22,0.00
35598C,0,2,0.00
35599B,0,23,0.00
35599D,0,19,0.00
35607A,0,1,0.00
35607B,0,7,0.00
35610A,0,1,0.00
35610B,0,1,0.00
35610C,0,1,0.00
35637A,0,24,0.00
35637C,0,7,0.00
35638A,0,5,0.00
35638B,0,4,0.00
35645,0,3,0.00
35646,0,44,0.00
35647,0,2,0.00
35649,0,6,0.00
35650,0,1,0.00
35653,0,17,0.00
35809A,0,40,0.00
35809B,0,3,0.00
35810A,0,52,0.00
35815P,0,5,0.00
35816P,0,2,0.00
35817P,0,2,0.00
35818B,0,3,0.00
35818P,0,17,0.00
35819B,0,22,0.00
35819P,0,7,0.00
35833P,0,11,0.00
35909A,0,3,0.00
35909B,0,2,0.00
35910A,0,4,0.00
35910B,0,3,0.00
35911A,0,25,0.00
35911B,0,4,0.00
35912B,0,18,0.00
35913B,0,9,0.00
35914,0,18,0.00
35915B,0,14,0.00
35915C,0,8,0.00
35916A,0,3,0.00
35916B,0,1,0.00
35916C,0,5,0.00
35920,0,11,0.00
35922,0,10,0.00
35933,0,16,0.00
35954,0,32,0.00
35958,0,3,0.00
35964,0,37,0.00
35966,0,2,0.00
35967,0,29,0.00
35968,0,18,0.00
35972,0,16,0.00
37330,0,1,0.00
37333,0,11,0.00
37343,0,8,0.00
37351,0,1,0.00
37379A,0,1,0.00
37413,0,79,0.00
37423,0,3,0.00
37444A,0,14,0.00
37444B,0,3,0.00
37444C,0,7,0.00
37461,0,1,0.00
37462E,0,4,0.00
37464,0,2,0.00
37467,0,11,0.00
37468,0,12,0.00
37471,0,1,0.00
37475,0,29,0.00
37476,0,9,0.00
37479B,0,17,0.00
37479P,0,20,0.00
37482P,0,34,0.00
37487B,0,2,0.00
37488A,0,3,0.00
37489A,0,14,0.00
37489B,0,12,0.00
37489C,0,8,0.00
37489D,0,16,0.00
37491B,0,1,0.00
37491C,0,1,0.00
37491D,0,1,0.00
37509,0,2,0.00
40003,0,11,0.00
40005B,0,4,0.00
40016,0,75,0.00
40046A,0,6,0.00
44089A,0,4,0.00
44089C,0,6,0.00
44091A,0,3,0.00
44092B,0,5,0.00
44092C,0,6,0.00
44228,0,2,0.00
44235,0,13,0.00
44236,0,6,0.00
44242A,0,1,0.00
44242B,0,3,0.00
44265,0,1,0.00
45013,0,2,0.00
46000P,0,5,0.00
46000R,0,37,0.00
46000U,0,26,0.00
46115B,0,2,0.00
46118,0,18,0.00
46126A,0,6,0.00
46775D,0,13,0.00
46776A,0,6,0.00
46776B,0,7,0.00
46776C,0,6,0.00
46776D,0,3,0.00
46776E,0,5,0.00
46776F,0,8,0.00
47013A,0,4,0.00
47016,0,1,0.00
47021G,0,15,0.00
47310M,0,47,0.00
47341A,0,5,0.00
47341B,0,11,0.00
47343A,0,14,0.00
47344B,0,6,0.00
47348A,0,15,0.00
47367B,0,11,0.00
47369A,0,6,0.00
47369B,0,3,0.00
47420,0,13,0.00
47421,0,54,0.00
47469,0,11,0.00
47471,0,24,0.00
47480,0,52,0.00
47481,0,19,0.00
47503H,0,32,0.00
47503J,0,1,0.00
47518F,0,28,0.00
47556B,0,2,0.00
47570B,0,26,0.00
47574B,0,2,0.00
47578A,0,27,0.00
47579,0,1,0.00
47585A,0,27,0.00
47586A,0,8,0.00
47589,0,3,0.00
47591B,0,10,0.00
47593A,0,12,0.00
47593B,0,94,0.00
62018,0,59,0.00
62074B,0,4,0.00
62086A,0,13,0.00
62094B,0,3,0.00
62096A,0,8,0.00
62096B,0,1,0.00
62097B,0,3,0.00
70006,0,78,0.00
71050,0,6,0.00
71101E,0,22,0.00
71143,0,1,0.00
71215,0,2,0.00
71270,0,31,0.00
71403,0,13,0.00
71406C,0,21,0.00
71495A,0,2,0.00
71495B,0,5,0.00
71496A,0,5,0.00
71496B,0,4,0.00
71510,0,8,0.00
72024U,0,3,0.00
72051S,0,5,0.00
72122,0,44,0.00
72127,0,29,0.00
72128,0,33,0.00
72130,0,24,0.00
72131,0,18,0.00
72132,0,12,0.00
72133,0,13,0.00
72134,0,8,0.00
72225C,0,16,0.00
72232,0,65,0.00
72349B,0,91,0.00
72351A,0,133,0.00
72369A,0,3,0.00
72598,0,41,0.00
72709,0,7,0.00
72780,0,20,0.00
72783,0,2,0.00
72798C,0,3,0.00
72799C,0,18,0.00
72799F,0,21,0.00
72800B,0,36,0.00
72800C,0,30,0.00
72800D,0,29,0.00
72800E,0,96,0.00
72801C,0,14,0.00
72801D,0,12,0.00
72801G,0,11,0.00
72811,0,6,0.00
72812,0,4,0.00
72819,0,30,0.00
72821,0,4,0.00
75011,0,12,0.00
75013B,0,6,0.00
75131,0,13,0.00
75172,0,8,0.00
75178,0,9,0.00
77079,0,1,0.00
77101A,0,20,0.00
78034B,0,6,0.00
78124,0,17,0.00
79026B,0,9,0.00
79030G,0,52,0.00
79051A,0,37,0.00
79062D,0,4,0.00
79063C,0,14,0.00
79063D,0,10,0.00
79067,0,18,0.00
79071B,0,11,0.00
79144B,0,15,0.00
79144C,0,6,0.00
79149B,0,8,0.00
79151B,0,2,0.00
79157B,0,2,0.00
79157V,0,3,0.00
79161A,0,2,0.00
79190D,0,25,0.00
79192A,0,2,0.00
79302M,0,47,0.00
79329,0,2,0.00
79331,0,3,0.00
79336,0,3,0.00
79403,0,11,0.00
79406,0,6,0.00
81950B,0,8,0.00
81950V,0,6,0.00
81952B,0,9,0.00
81952V,0,24,0.00
81953B,0,3,0.00
81953P,0,3,0.00
82011A,0,10,0.00
82011B,0,19,0.00
82011C,0,20,0.00
82095,0,4,0.00
82552,0,292,0.00
82567,0,149,0.00
82599,0,85,0.00
82605,0,3,0.00
82613A,0,14,0.00
82615,0,1,0.00
84016,0,1,0.00
84033,0,7,0.00
84051,0,24,0.00
84086C,0,19,0.00
84192,0,25,0.00
84199,0,28,0.00
84201B,0,2,0.00
84201C,0,1,0.00
84206A,0,3,0.00
84206B,0,1,0.00
84206C,0,2,0.00
84212,0,103,0.00
84218,0,40,0.00
84226,0,9,0.00
84227,0,1,0.00
84231,0,18,0.00
84247G,0,23,0.00
84247L,0,8,0.00
84247N,0,18,0.00
84249A,0,13,0.00
84251C,0,2,0.00
84251G,0,15,0.00
84306,0,2,0.00
84313B,0,13,0.00
84313C,0,24,0.00
84341B,0,33,0.00
84356,0,46,0.00
84358,0,12,0.00
84360,0,17,0.00
84387A,0,1,0.00
84388,0,6,0.00
84402B,0,3,0.00
84415A,0,2,0.00
84415B,0,2,0.00
84429A,0,14,0.00
84457,0,21,0.00
84459B,0,60,0.00
84462,0,6,0.00
84465,0,7,0.00
84466,0,10,0.00
84497,0,7,0.00
84499,0,2,0.00
84507B,0,14,0.00
84508C,0,20,0.00
84509B,0,48,0.00
84509C,0,23,0.00
84509E,0,8,0.00
84509G,0,46,0.00
84510C,0,32,0.00
84510E,0,9,0.00
84519A,0,61,0.00
84519B,0,91,0.00
84520B,0,54,0.00
84522,0,6,0.00
84527,0,6,0.00
84531A,0,25,0.00
84531B,0,25,0.00
84534B,0,5,0.00
84535A,0,20,0.00
84539,0,1,0.00
84548,0,3,0.00
84549,0,3,0.00
84550,0,1,0.00
84551,0,1,0.00
84558A,0,60,0.00
84559A,0,42,0.00
84562A,0,2,0.00
84563A,0,14,0.00
84563B,0,21,0.00
84568,0,23,0.00
84569A,0,26,0.00
84569B,0,11,0.00
84569C,0,1,0.00
84569D,0,34,0.00
84576,0,9,0.00
84580,0,120,0.00
84581,0,70,0.00
84584,0,18,0.00
84592,0,17,0.00
84593,0,1,0.00
84595E,0,9,0.00
84596E,0,35,0.00
84596G,0,158,0.00
84596J,0,27,0.00
84596L,0,79,0.00
84597B,0,5,0.00
84597C,0,13,0.00
84613A,0,3,0.00
84613C,0,1,0.00
84614A,0,1,0.00
84617,0,3,0.00
84620,0,1,0.00
84637,0,13,0.00
84638,0,12,0.00
84658,0,16,0.00
84660B,0,29,0.00
84660C,0,27,0.00
84661A,0,11,0.00
84661B,0,12,0.00
84661C,0,5,0.00
84666,0,4,0.00
84673A,0,25,0.00
84673B,0,42,0.00
84675,0,2,0.00
84679,0,2,0.00
84683,0,7,0.00
84686,0,8,0.00
84689,0,2,0.00
84691,0,4,0.00
84705C,0,1,0.00
84706D,0,3,0.00
84706F,0,10,0.00
84707A,0,25,0.00
84707B,0,13,0.00
84708B,0,14,0.00
84709B,0,11,0.00
84711A,0,7,0.00
84711B,0,8,0.00
84712B,0,11,0.00
84715,0,3,0.00
84723,0,6,0.00
84725,0,18,0.00
84731,0,2,0.00
84732B,0,2,0.00
84732D,0,2,0.00
84741C,0,14,0.00
84743C,0,1,0.00
84744,0,18,0.00
84745A,0,5,0.00
84745B,0,5,0.00
84746,0,1,0.00
84748,0,8,0.00
84760S,0,8,0.00
84763,0,49,0.00
84773,0,1,0.00
84789,0,43,0.00
84795B,0,40,0.00
84795C,0,1,0.00
84796A,0,10,0.00
84796B,0,17,0.00
84798B,0,2,0.00
84801A,0,5,0.00
84801B,0,3,0.00
84802A,0,1,0.00
84802B,0,1,0.00
84803B,0,3,0.00
84804A,0,8,0.00
84804B,0,6,0.00
84805A,0,3,0.00
84805B,0,3,0.00
84806A,0,11,0.00
84806B,0,19,0.00
84809A,0,5,0.00
84809B,0,1,0.00
84823,0,25,0.00
84824,0,2,0.00
84827,0,14,0.00
84842,0,9,0.00
84846A,0,10,0.00
84847,0,11,0.00
84854,0,1,0.00
84858C,0,5,0.00
84859A,0,30,0.00
84859B,0,10,0.00
84859C,0,21,0.00
84865,0,11,0.00
84870B,0,10,0.00
84870C,0,10,0.00
84872A,0,3,0.00
84873A,0,2,0.00
84874B,0,7,0.00
84875B,0,15,0.00
84875D,0,8,0.00
84876B,0,20,0.00
84876D,0,12,0.00
84877A,0,1,0.00
84877B,0,9,0.00
84877D,0,11,0.00
84882,0,15,0.00
84898F,0,18,0.00
84905,0,2,0.00
84907,0,3,0.00
84910A,0,6,0.00
84912A,0,38,0.00
84912B,0,46,0.00
84913A,0,10,0.00
84913B,0,20,0.00
84915,0,11,0.00
84916,0,18,0.00
84917,0,14,0.00
84919,0,9,0.00
84920,0,26,0.00
84921,0,5,0.00
84922,0,5,0.00
84924A,0,24,0.00
84924F,0,3,0.00
84925D,0,10,0.00
84925F,0,14,0.00
84926A,0,31,0.00
84926D,0,31,0.00
84926E,0,37,0.00
84931A,0,22,0.00
84951B,0,31,0.00
84952A,0,6,0.00
84952C,0,9,0.00
84963A,0,1,0.00
84963B,0,1,0.00
84968B,0,2,0.00
84968E,0,22,0.00
84968F,0,30,0.00
84974,0,28,0.00
84975,0,2,0.00
84984A,0,6,0.00
84984B,0,5,0.00
84984D,0,4,0.00
84989A,0,17,0.00
84990,0,2,0.00
84993A,0,33,0.00
84993B,0,17,0.00
85006,0,9,0.00
85008,0,7,0.00
85015,0,113,0.00
85016,0,25,0.00
85017A,0,2,0.00
85017C,0,10,0.00
85018D,0,7,0.00
85019A,0,28,0.00
85019B,0,25,0.00
85020,0,16,0.00
85024B,0,12,0.00
85026B,0,9,0.00
85028L,0,4,0.00
85028S,0,8,0.00
85030,0,6,0.00
85031A,0,7,0.00
85031B,0,1,0.00
85031C,0,1,0.00
85032A,0,96,0.00
85032B,0,93,0.00
85034B,0,90,0.00
85035B,0,43,0.00
85035C,0,107,0.00
85038,0,110,0.00
85039A,0,40,0.00
85039B,0,51,0.00
85049B,0,13,0.00
85049C,0,205,0.00
85049D,0,102,0.00
85049F,0,85,0.00
85049H,0,73,0.00
85055,0,10,0.00
85067,0,5,0.00
85071C,0,72,0.00
85071D,0,64,0.00
85078,0,65,0.00
85084,0,6,0.00
85086A,0,8,0.00
85089,0,5,0.00
85092,0,2,0.00
85093,0,20,0.00
85094,0,30,0.00
85095,0,10,0.00
85096,0,11,0.00
85106,0,9,0.00
85107,0,25,0.00
85109,0,1,0.00
85111,0,51,0.00
85114A,0,42,0.00
85114C,0,60,0.00
85124C,0,31,0.00
85125,0,18,0.00
85129B,0,16,0.00
85129C,0,12,0.00
85129D,0,34,0.00
85130A,0,10,0.00
85130B,0,50,0.00
85130C,0,43,0.00
85130D,0,51,0.00
85131B,0,13,0.00
85131C,0,11,0.00
85131D,0,12,0.00
85132B,0,60,0.00
85135A,0,6,0.00
85136A,0,37,0.00
85136B,0,2,0.00
85136C,0,25,0.00
85144,0,41,0.00
85145,0,13,0.00
85146,0,8,0.00
85161,0,9,0.00
85163A,0,18,0.00
85167B,0,7,0.00
85168B,0,7,0.00
85169A,0,48,0.00
85169B,0,25,0.00
85169C,0,21,0.00
85169D,0,22,0.00
85170A,0,1,0.00
85170C,0,29,0.00
85179A,0,17,0.00
85179C,0,7,0.00
85180B,0,21,0.00
85183B,0,106,0.00
85184C,0,136,0.00
85185D,0,8,0.00
85186A,0,37,0.00
85187,0,58,0.00
85188B,0,8,0.00
85189,0,3,0.00
85195,0,3,0.00
85197,0,18,0.00
85198,0,6,0.00
85200,0,26,0.00
85202,0,39,0.00
85203,0,49,0.00
85205B,0,24,0.00
85206A,0,103,0.00
85206B,0,4,0.00
85208,0,24,0.00
85212,0,70,0.00
85214,0,43,0.00
85215,0,8,0.00
85216,0,8,0.00
85224,0,1,0.00
85225,0,3,0.00
85227,0,147,0.00
85230A,0,18,0.00
85230B,0,38,0.00
85230E,0,24,0.00
85230F,0,12,0.00
90000A,0,6,0.00
90000B,0,2,0.00
90000D,0,4,0.00
90001A,0,1,0.00
90001B,0,2,0.00
90001C,0,2,0.00
90001D,0,3,0.00
90002D,0,6,0.00
90010A,0,5,0.00
90010B,0,3,0.00
90010E,0,7,0.00
90011A,0,1,0.00
90011B,0,2,0.00
90012A,0,2,0.00
90012B,0,2,0.00
90013C,0,4,0.00
90014A,0,10,0.00
90014B,0,8,0.00
90014C,0,3,0.00
90016A,0,4,0.00
90016B,0,8,0.00
90018B,0,5,0.00
90019A,0,9,0.00
90019B,0,2,0.00
90019C,0,3,0.00
90021,0,1,0.00
90023,0,4,0.00
90024C,0,1,0.00
90024D,0,1,0.00
90024F,0,1,0.00
90025A,0,2,0.00
90025F,0,1,0.00
90026A,0,1,0.00
90026B,0,2,0.00
90026C,0,2,0.00
90026D,0,3,0.00
90027A,0,1,0.00
90027D,0,1,0.00
90028,0,1,0.00
90029,0,2,0.00
90030A,0,7,0.00
90030B,0,15,0.00
90030C,0,8,0.00
90031,0,5,0.00
90032,0,6,0.00
90033,0,1,0.00
90035A,0,2,0.00
90035C,0,1,0.00
90036A,0,4,0.00
90036B,0,2,0.00
90036C,0,2,0.00
90036D,0,4,0.00
90036E,0,5,0.00
90036F,0,1,0.00
90037B,0,1,0.00
90038A,0,1,0.00
90038B,0,1,0.00
90038C,0,1,0.00
90039A,0,1,0.00
90039B,0,1,0.00
90039C,0,1,0.00
90039D,0,2,0.00
90040A,0,2,0.00
90040B,0,2,0.00
90040C,0,3,0.00
90041,0,1,0.00
90042A,0,2,0.00
90043,0,2,0.00
90046,0,1,0.00
90048,0,1,0.00
90049,0,3,0.00
90051,0,3,0.00
90054,0,1,0.00
90055,0,1,0.00
90057,0,22,0.00
90060B,0,1,0.00
90060D,0,3,0.00
90063A,0,7,0.00
90063B,0,5,0.00
90064A,0,3,0.00
90065A,0,3,0.00
90065B,0,1,0.00
90067A,0,3,0.00
90069,0,1,0.00
90071,0,1,0.00
90072,0,3,0.00
90073,0,4,0.00
90074,0,1,0.00
90078,0,1,0.00
90079,0,2,0.00
90081A,0,8,0.00
90081C,0,6,0.00
90082A,0,10,0.00
90082B,0,10,0.00
90082D,0,4,0.00
90083,0,4,0.00
90084,0,1,0.00
90085,0,2,0.00
90086,0,11,0.00
90087,0,8,0.00
90089,0,2,0.00
90093,0,6,0.00
90094,0,12,0.00
90096,0,3,0.00
90099,0,13,0.00
90100,0,1,0.00
90102,0,1,0.00
90103,0,2,0.00
90104,0,1,0.00
90114,0,11,0.00
90116,0,3,0.00
90119,0,15,0.00
90120B,0,5,0.00
90120C,0,7,0.00
90120D,0,2,0.00
90122A,0,3,0.00
90122B,0,1,0.00
90122C,0,5,0.00
90123A,0,8,0.00
90123B,0,4,0.00
90123C,0,5,0.00
90123D,0,2,0.00
90124A,0,4,0.00
90124B,0,3,0.00
90124C,0,4,0.00
90125A,0,6,0.00
90125B,0,3,0.00
90125C,0,3,0.00
90125D,0,5,0.00
90125E,0,1,0.00
90128B,0,1,0.00
90129A,0,3,0.00
90129B,0,6,0.00
90129C,0,6,0.00
90129D,0,2,0.00
90129E,0,1,0.00
90129F,0,5,0.00
90130A,0,1,0.00
90130B,0,3,0.00
90131,0,1,0.00
90133,0,3,0.00
90135,0,1,0.00
90136,0,2,0.00
90138,0,1,0.00
90141A,0,2,0.00
90141B,0,2,0.00
90141C,0,2,0.00
90141D,0,1,0.00
90141E,0,1,0.00
90142D,0,3,0.00
90144,0,3,0.00
90145,0,11,0.00
90146,0,3,0.00
90149,0,3,0.00
90151,0,4,0.00
90152A,0,3,0.00
90152B,0,1,0.00
90152C,0,1,0.00
90154,0,5,0.00
90155,0,4,0.00
90156,0,2,0.00
90157,0,2,0.00
90158,0,6,0.00
90159,0,2,0.00
90160B,0,8,0.00
90160C,0,16,0.00
90160D,0,9,0.00
90161A,0,6,0.00
90161B,0,12,0.00
90161C,0,15,0.00
90161D,0,9,0.00
90162A,0,1,0.00
90162C,0,7,0.00
90162D,0,5,0.00
90163A,0,2,0.00
90163B,0,1,0.00
90164A,0,6,0.00
90164B,0,7,0.00
90165B,0,1,0.00
90166,0,8,0.00
90167,0,1,0.00
90173,0,3,0.00
90175A,0,8,0.00
90175C,0,6,0.00
90175D,0,2,0.00
90176B,0,1,0.00
90176C,0,1,0.00
90176E,0,2,0.00
90177B,0,2,0.00
90178A,0,6,0.00
90178B,0,1,0.00
90179A,0,2,0.00
90179C,0,1,0.00
90180A,0,5,0.00
90180B,0,3,0.00
90181A,0,1,0.00
90183C,0,1,0.00
90184A,0,4,0.00
90184B,0,11,0.00
90184C,0,7,0.00
90185D,0,8,0.00
90186A,0,3,0.00
90186B,0,6,0.00
90187B,0,1,0.00
90188,0,2,0.00
90189A,0,2,0.00
90190A,0,1,0.00
90190B,0,1,0.00
90190C,0,4,0.00
90191,0,7,0.00
90194,0,6,0.00
90195A,0,7,0.00
90195B,0,3,0.00
90196A,0,5,0.00
90196B,0,4,0.00
90197B,0,1,0.00
90198A,0,10,0.00
90198B,0,11,0.00
90199A,0,3,0.00
90199B,0,1,0.00
90199D,0,2,0.00
90200A,0,16,0.00
90200C,0,6,0.00
90200D,0,24,0.00
90200E,0,18,0.00
90201D,0,9,0.00
90205A,0,6,0.00
90205C,0,3,0.00
90206A,0,3,0.00
90206C,0,7,0.00
90209B,0,11,0.00
90210A,0,3,0.00
90210B,0,6,0.00
90210C,0,5,0.00
90210D,0,5,0.00
90211A,0,3,0.00
90212B,0,1,0.00
90212C,0,2,0.00
90214A,0,14,0.00
90214B,0,2,0.00
90214C,0,9,0.00
90214D,0,7,0.00
90214E,0,8,0.00
90214F,0,2,0.00
90214G,0,7,0.00
90214H,0,6,0.00
90214I,0,3,0.00
90214J,0,5,0.00
90214K,0,12,0.00
90214L,0,5,0.00
90214M,0,5,0.00
90214N,0,5,0.00
90214O,0,1,0.00
90214P,0,6,0.00
90214R,0,4,0.00
90214S,0,6,0.00
90214T,0,1,0.00
90214U,0,1,0.00
90214V,0,3,0.00
90214W,0,1,0.00
90214Y,0,3,0.00
90214Z,0,1,0.00
BANK CHARGES,0,11,0.00
DOT,0,16,0.00
PADS,0,3,0.00
