StockCode,total_sold,d_num
85123A,36782,1978
22423,12402,1703
85099B,46181,1600
47566,15291,1379
84879,35362,1375
20725,17897,1289
22720,7020,1146
POST,3120,1099
23203,19516,1080
20727,11291,1052
22383,11722,1043
22197,49183,1035
21212,33693,1029
23298,7785,1009
23209,13004,1006
22382,9912,988
22086,15617,980
22457,8480,967
20728,10820,966
22469,16775,961
22384,10254,931
22960,8151,878
22727,7221,877
82482,8276,876
22386,20165,871
22961,15055,868
22993,11792,866
23206,11565,866
21034,1893,859
22138,4797,854
22666,7373,828
22139,4248,823
20726,9115,820
22178,22433,815
82494L,6282,811
22470,9591,801
23084,27202,801
22411,10518,790
22726,5641,789
22699,9132,783
21931,11516,774
23202,10716,772
20914,6170,764
23301,7740,756
23201,12540,752
20724,12809,739
21080,12313,732
22077,8605,726
21790,13336,722
23355,5338,719
23199,13887,718
23245,5856,718
22629,13919,704
22112,5160,700
22910,9433,697
21181,11963,694
21175,11993,692
21754,2654,691
22697,6430,691
21733,7759,679
84946,16473,677
21977,24264,669
84991,17689,657
22111,4259,656
85099F,16807,654
22722,5372,653
85099C,12793,649
23284,5342,648
23207,7554,647
22558,8418,639
23300,6303,635
22624,1783,620
22630,11336,616
22728,5074,613
82484,5921,604
21166,10209,602
21929,9889,602
22662,6545,598
23208,6225,597
22326,8100,595
85152,8164,590
22554,7307,587
23344,8954,586
22355,8975,585
21232,10366,582
23321,4283,582
22551,7664,579
20685,3901,576
22865,8115,572
84978,10980,572
22467,7688,570
22090,6879,567
21915,20975,561
82486,2085,559
22698,5343,556
21755,1946,555
22966,7204,554
21928,9704,542
20972,7131,535
21485,3335,533
22907,6102,533
20719,9237,531
48187,3721,531
21975,12134,529
84755,15611,529
21731,12871,522
22556,5952,521
84378,6019,521
79321,9650,519
22969,12092,518
21914,7434,517
48138,3625,516
22114,3736,514
22113,3156,511
23322,2908,511
22621,5895,509
82483,2341,509
22835,2972,505
22659,11094,504
23307,11675,504
84992,13070,501
21213,14309,499
84380,5293,498
20712,8187,492
20723,6847,492
22909,8122,489
22356,7306,487
21791,7143,485
23240,4103,485
22557,4573,480
48194,3271,480
22385,8236,477
84836,5757,476
22867,6001,474
84077,54415,472
21930,5706,471
22866,6118,471
23200,6733,470
22730,2728,468
22952,14759,467
23293,8243,465
22577,9784,463
22149,5890,461
22328,6481,458
20971,10225,457
22766,3206,454
22189,8195,452
21889,5778,449
22555,5885,449
22776,1116,449
23356,2352,449
22367,3543,448
22625,1476,448
85066,1705,445
22083,4307,444
22427,1995,441
22633,4746,441
22667,2870,441
22553,4036,439
22998,11769,437
22147,6127,436
22578,9630,433
21559,3716,426
23204,7039,425
22617,2153,424
84997D,4922,424
21843,1809,421
22144,3468,421
82600,5833,419
22568,3284,417
22193,1352,416
84375,4149,416
84970S,8470,412
20713,10466,411
22804,2869,409
22379,6088,407
22417,8103,407
21524,1662,405
22150,2923,402
22749,2223,401
21523,3088,397
47591D,3144,397
22561,5695,395
22029,7858,394
22652,4864,394
21621,2540,391
22191,1426,391
23263,3747,389
21936,3758,385
23243,4663,385
23343,4908,385
82583,6415,385
20718,4264,384
82580,5505,383
22616,25345,382
21231,5757,381
21481,2925,379
22487,724,379
71459,12941,379
15056N,3826,378
21479,2702,378
22750,1964,378
21908,3635,374
22084,4893,374
23198,3067,374
82582,4290,374
21172,3335,371
21174,3926,371
23439,3762,371
22900,4580,368
85150,3899,367
20749,1719,365
20750,1712,365
21210,5680,365
23319,3539,365
22620,4491,364
84692,6808,364
22595,6516,361
84596B,4491,361
21165,4027,359
22632,4394,359
22729,2182,359
23295,5963,359
23313,2755,359
47590B,2287,359
48184,1975,356
47590A,1950,355
21155,2460,354
21985,8569,354
22951,7247,354
23173,2666,354
21136,4476,352
21669,4969,351
22413,3690,351
23108,2194,351
23493,3522,349
22141,2448,348
22507,2786,348
22748,1895,346
23205,5152,345
22661,5085,343
21169,4281,342
21314,3670,342
22847,851,342
21770,1577,341
21891,7919,340
22619,2297,339
35970,4647,339
22192,907,338
22692,1378,338
22173,2151,337
21121,6502,336
22560,8014,336
84970L,5700,336
21498,10547,335
85049E,2747,335
22082,2558,334
21668,5035,333
22983,5038,332
21907,2294,329
22734,2843,329
23318,3647,329
23170,6575,328
22988,8821,327
23503,3435,327
22424,713,326
84997B,4035,326
21094,7351,325
22492,26076,325
15036,21876,324
22352,2853,324
22570,3018,324
23256,2018,324
22725,1776,322
22142,3073,321
22771,5753,321
84029E,3707,321
21430,2704,319
21932,2467,319
22585,6062,319
22759,5207,319
23296,4879,319
84029G,2469,319
22489,9314,318
22663,3097,317
22745,1788,316
23103,3939,316
22429,1193,315
21137,11406,313
22908,4234,313
47566B,2291,313
23192,3286,312
22219,3372,311
22989,2697,311
21533,1317,310
21535,2460,310
23320,2635,310
22488,2911,309
23077,9662,308
84997C,3694,308
20975,6400,307
21672,4564,307
84988,3954,307
84945,10279,306
23308,5967,305
84347,7907,305
21122,5257,304
22171,1723,304
22627,792,304
22979,3920,304
22456,1452,303
22607,1269,303
22694,1612,303
85014B,1846,303
22940,1896,302
23581,4373,302
82581,3749,302
20676,4363,298
23583,3315,298
22752,1654,297
22499,1734,296
22964,2514,296
21892,2914,295
22569,2698,294
23309,7727,294
21877,5347,293
22273,4469,293
21156,3039,292
22844,826,292
22996,4552,292
82552,2922,292
15056BL,2779,291
20974,6734,291
23294,4292,291
21670,4004,289
22151,14877,289
22381,3169,289
22834,4633,288
84596F,3301,288
22795,1099,287
22169,1075,286
22851,2609,286
21086,6589,285
22992,4917,285
23236,2459,284
23241,2024,284
21933,2410,283
21484,1555,282
21918,7013,282
23188,3098,282
23311,2199,281
23328,2067,281
21888,1553,280
21671,4080,279
22646,3927,279
84947,8273,278
21238,3519,277
21326,10088,277
22464,3200,277
22898,2201,277
84030E,1423,277
20973,4007,276
21673,3994,276
21976,4967,276
22579,4808,276
22970,4246,276
23254,1664,276
22431,1981,275
23266,1975,274
23175,3066,272
23126,1089,271
23247,2060,271
23351,3058,271
20679,1630,270
21871,5265,270
22296,3055,270
23171,5966,270
23275,3642,270
23323,1426,270
21912,1575,268
23174,2956,268
22333,4391,267
23332,1996,267
85049A,2907,266
21558,1946,265
21900,3087,265
23082,2265,263
71477,6652,263
21154,3187,262
22027,4165,262
22505,1365,262
22637,2619,262
23169,1453,262
22158,2895,261
22690,1597,261
23354,3346,261
21340,928,260
22791,7336,260
21982,7346,259
22784,1214,259
22899,1982,259
20969,1876,257
21217,975,257
22037,3795,257
22087,3779,257
22501,1194,257
23231,7225,257
22271,1653,256
22631,3375,256
85014A,1133,256
22348,3863,254
23182,3414,254
22212,1422,253
22941,1572,253
23353,3735,253
82551,2791,253
M,7173,253
22563,2785,252
22746,1319,252
48188,2028,252
22751,1514,251
21506,4740,250
21980,6523,250
22840,891,250
23147,1845,250
71053,1639,250
84949,4665,250
22846,626,249
23264,1845,249
72741,5801,249
16161P,7226,248
21916,4363,248
23076,7920,248
22196,2385,247
22371,830,247
21164,1714,246
22294,5439,246
22721,910,246
22962,3681,246
23265,1680,246
23349,2857,246
23350,2593,246
20711,4198,245
23191,2176,245
20992,4365,244
22549,2992,244
21703,9272,243
21756,792,242
22030,5361,242
22418,6267,242
22980,2289,242
21216,1841,241
47559B,2004,241
48185,3429,241
84406B,1918,241
22605,709,240
84987,2928,240
20754,1356,239
22693,15940,239
22895,1980,238
23232,8626,238
21259,1128,237
23144,4894,237
22508,1516,236
22723,1059,235
22845,704,235
20983,2652,234
21901,1746,234
22432,1648,234
22502,1488,234
22596,3290,234
22904,1768,234
22991,3710,234
23148,2118,234
23582,4447,234
84997A,2525,234
22645,1757,233
22768,837,233
22971,2365,233
23196,1760,233
23238,1788,233
85053,1549,233
21380,2093,232
21868,2346,232
23230,7950,232
23234,1635,232
20717,2036,231
22274,1301,231
22622,1295,231
22665,1219,231
23367,2785,231
23570,1846,231
20970,1081,230
20979,3523,230
21497,8600,230
21974,2036,229
22303,2770,229
22398,2545,228
23109,2325,228
21124,3970,227
85049G,1580,227
22079,1715,225
22170,1023,225
23118,765,225
23172,3688,224
20675,2729,223
21242,3074,222
22654,1058,222
22297,3863,221
22896,1498,221
23052,571,221
23080,1003,221
84536A,2729,221
20677,3159,220
22195,1699,220
23165,2954,220
23168,2850,220
82578,1956,220
21035,2319,219
22623,920,219
23110,664,219
23229,1804,219
21899,2605,218
21429,1616,217
23333,2030,216
23571,2036,216
20982,2019,215
21240,3156,215
21499,6925,215
23329,1712,215
22716,3088,214
23154,2472,214
23177,2431,214
85048,1266,214
21500,6350,213
22435,2680,213
22712,4319,213
23078,6607,213
23100,2093,213
23310,11891,213
22295,2737,212
22796,554,212
21539,939,211
23146,781,211
21592,2151,210
22963,3071,210
23083,1860,209
23283,967,209
23306,2692,209
20981,1851,208
22670,1754,208
22767,761,208
17003,22963,206
21531,1473,206
21937,1591,206
22045,6502,206
22965,1318,206
21385,3564,205
21623,3255,205
21745,929,205
21989,2068,205
21993,1366,205
23000,3044,205
23389,1050,205
85049C,1198,205
21935,1763,204
22668,1965,204
22739,1588,204
21218,2058,203
21509,3581,203
22634,731,203
22534,4331,202
21078,2494,201
21239,2574,201
23393,769,201
22491,3910,200
84050,3139,200
21992,1163,199
22208,1289,199
22841,516,199
21507,3206,198
23012,1017,198
21704,5004,197
21876,3548,197
22978,2407,197
23184,778,197
23215,3547,197
22041,3812,196
22892,2461,196
22957,1749,196
22380,1156,195
23159,2283,195
23166,77916,195
23330,1761,195
21874,2852,194
22754,1802,194
23534,1207,194
22755,1577,193
23312,1365,193
21108,10082,192
23091,570,192
21519,3217,191
22919,1669,191
21981,5295,190
22302,2288,190
22562,1398,190
22917,1858,190
23101,1948,190
23504,1668,190
84792,775,190
22433,1341,189
22644,2052,188
22798,1643,188
22920,3329,188
84832,2607,188
21328,760,187
22737,1227,187
22906,1628,187
22918,1776,187
23158,2538,187
23242,1436,187
23302,1481,187
21917,4095,186
22916,1819,186
23176,2090,186
21411,722,185
21746,2974,185
22028,2915,185
22999,2875,185
20996,3057,184
23156,1638,184
22115,1495,183
22626,504,183
22995,2236,183
23112,472,183
23197,1368,183
20682,1140,182
21428,1099,182
22567,2368,182
22636,565,182
22926,569,182
23032,2264,182
23127,714,182
46000S,1551,182
48129,880,182
20668,12714,181
22301,2118,181
22530,3514,181
22997,2527,181
21787,8755,180
22089,1190,180
22131,1890,180
22635,657,180
22972,1715,180
23013,866,180
20978,1631,179
22548,1873,179
22855,2508,179
23190,1678,179
22179,796,178
23368,2155,178
20828,1012,177
21990,1219,177
23167,5666,177
22493,2354,176
22550,1102,176
22571,2207,176
22738,2007,176
22816,3438,176
23050,459,176
23397,434,176
23399,1823,176
23494,726,176
23005,4396,175
23395,696,175
21390,3781,174
22602,1962,174
23290,2367,174
23569,933,174
47504K,1958,174
48111,1107,174
21810,5305,173
21890,1075,173
21967,5166,173
22437,2727,173
22704,5275,173
22809,1198,173
23480,1719,173
48173C,1787,173
22897,1298,172
23497,2514,172
20751,973,171
22610,9146,171
23426,1232,171
22227,1969,170
22614,2957,170
22772,3345,170
22938,2321,170
22956,2003,170
23194,1754,170
22088,1698,169
22174,2688,169
22747,879,169
23049,435,169
23237,1044,169
21329,589,168
16156S,5800,167
20984,3809,167
21561,1227,167
21922,759,167
22120,505,167
22441,994,167
22669,1027,167
23130,918,167
21179,1785,166
22188,4844,166
22580,836,166
22753,918,166
22921,1648,166
22950,5180,166
23035,2089,166
21495,5800,165
22241,1788,165
22485,462,165
22564,2673,165
23129,942,165
22064,1608,164
22065,6440,164
23286,4901,164
23292,2082,164
23396,616,164
20829,1265,163
21098,3176,163
22531,3293,163
23382,1712,163
16237,4598,162
21135,2708,162
22327,832,162
22460,2381,162
22818,3162,162
22925,427,162
23352,1596,162
23535,1128,162
21902,1915,161
22430,544,161
47503A,2754,161
22649,751,160
22781,533,160
22994,2107,160
23014,800,160
22148,1819,159
22465,1965,159
22801,890,159
22943,1280,159
22109,1383,158
22672,1382,158
23233,5175,158
84596G,1662,158
21984,3309,157
22419,2812,157
22574,2124,157
22794,300,157
22974,1523,157
51014A,3621,157
85199S,2234,157
22366,722,156
22374,448,156
22439,1768,156
72351B,2060,156
21811,4332,155
21955,1159,155
21986,3985,155
22714,3367,155
22741,8328,155
23239,823,155
23342,367,155
22110,618,154
22573,2445,154
22813,2265,154
22986,4101,154
23210,2803,154
37448,1404,154
21903,1129,153
22093,1828,153
22161,4143,153
22584,2241,153
35961,2692,153
21257,489,152
21878,2397,152
22156,1875,152
22736,1102,152
37449,562,152
22329,1387,151
22466,2929,150
22601,2238,150
23145,2054,150
16169E,4563,149
20674,1373,149
22222,824,149
22713,3309,149
23152,545,149
82567,497,149
21243,2113,148
21260,1129,148
22743,867,148
37446,1297,148
21244,2131,147
21818,2699,147
21987,2050,147
21988,2194,147
22779,1535,147
22854,750,147
85227,1322,147
21158,1427,146
21584,1066,146
22744,833,146
22842,572,146
22982,1045,146
23287,1782,146
23390,725,146
21327,538,145
21508,2393,145
22094,2087,145
22187,1183,145
22773,1852,145
22775,2614,145
22930,1041,145
23157,2543,145
23212,2179,145
22402,1705,144
22426,660,144
22536,4721,144
22674,1274,144
22822,417,144
22968,729,144
23291,1549,144
23378,3419,144
47599A,2409,144
84510A,1063,144
21591,1187,143
21718,1289,143
21934,1288,143
22078,1300,143
22098,1957,143
22300,1450,143
22331,1768,143
22360,886,143
22400,1393,143
22600,1540,143
22890,366,143
23255,963,143
20977,1597,142
22055,1248,142
22059,1749,142
22210,914,142
22975,1118,142
23007,450,142
23162,1362,142
22425,434,141
22733,1471,141
23132,1022,141
23289,1553,141
23366,1923,141
48116,1419,141
22959,4876,140
22984,2678,140
22990,607,140
23002,2078,140
23297,4260,140
22072,813,139
22175,841,139
22436,2110,139
23102,1245,139
84509A,612,139
21041,576,138
21381,1699,138
21715,1141,138
22440,5897,138
22593,2049,138
22676,1040,138
22800,765,138
23029,1284,138
23031,1246,138
23346,2571,138
21162,1416,137
21716,1206,137
21870,1357,137
22810,908,137
23193,1855,137
23489,876,137
35471D,1668,137
22838,652,136
22839,364,136
22937,941,136
22945,2863,136
23404,969,136
85184C,1523,136
15056P,769,135
22537,1818,135
22588,605,135
23388,793,135
72760B,386,135
16161U,4075,134
21563,1358,134
21844,1814,134
22837,992,134
22914,428,134
23089,2136,134
23133,759,134
23163,1714,134
23288,4505,134
23434,1792,134
21452,745,133
21527,468,133
22915,2928,133
23051,335,133
23280,1995,133
23345,2398,133
23371,1505,133
46000M,1008,133
72351A,1248,133
C2,134,133
21588,1497,132
22097,1591,132
22606,305,132
23285,4679,132
85062,1380,132
21829,6462,131
22066,2248,131
22180,303,131
22942,581,131
22967,1161,131
85034C,1072,131
22091,1945,130
22483,726,130
22780,1340,130
23006,1699,130
23068,805,130
84032B,654,130
85175,5217,130
21115,523,129
21313,2843,129
21463,644,129
22024,2304,129
22061,565,129
22332,982,129
22927,395,129
23053,319,129
23128,436,129
21114,1352,128
22792,2313,128
23365,1531,128
20961,1029,127
22639,763,127
22758,1122,127
22859,1150,127
23506,2718,127
21494,1228,126
21658,773,126
21714,1085,126
22080,1182,126
22185,1428,126
22211,783,126
22365,730,126
22572,1265,126
22732,1522,126
22789,838,126
22817,1858,126
22819,1848,126
85132C,1404,126
21068,1535,125
21713,701,125
22576,1419,125
22594,1744,125
22603,1295,125
23092,509,125
23252,590,125
85040A,807,125
21534,327,124
21620,811,124
21983,2223,124
22544,4414,124
23111,296,124
22335,2024,123
22361,539,123
22675,1176,123
22696,694,123
23004,1862,123
23093,916,123
10133,2384,122
20963,1102,122
22099,1405,122
22805,1574,122
22812,1571,122
23090,2130,122
23299,983,122
23340,2465,122
23348,680,122
23374,2444,122
21619,900,121
22209,825,121
23213,1595,121
21833,2628,120
22075,1565,120
22421,1925,120
22522,923,120
22587,845,120
23008,421,120
23541,829,120
23546,3275,120
47567B,592,120
84580,335,120
21730,498,119
21872,1269,119
22315,761,119
22494,890,119
22849,308,119
23394,395,119
21819,2465,118
22186,801,118
22523,844,118
22566,834,118
22597,2534,118
22609,5636,118
22628,775,118
22653,1072,118
23270,1166,118
23407,250,118
23681,1548,118
75049L,6821,118
10135,1938,117
21116,489,117
22283,258,117
22586,796,117
23096,1007,117
21090,1672,116
21577,549,116
22338,4179,116
22468,467,116
23119,2156,116
23211,2208,116
20752,367,115
21832,785,115
22224,688,115
23081,454,115
21394,3822,114
21470,338,114
22121,333,114
22349,1341,114
22613,1488,114
22843,434,114
23028,1247,114
84971S,1679,114
21544,1872,113
21625,307,113
22076,1035,113
22207,1200,113
22412,877,113
22677,874,113
22757,1009,113
22815,1810,113
23189,1215,113
23376,2642,113
37370,2508,113
85015,2130,113
22434,779,112
22689,614,112
22976,1047,112
72807C,669,112
21875,2000,111
22154,3532,111
22848,302,111
22977,905,111
23155,2106,111
23437,1909,111
84828,954,111
21163,1176,110
21705,1377,110
21905,685,110
22358,456,110
22535,1716,110
22673,772,110
22858,1081,110
22931,794,110
22973,1192,110
23221,1461,110
23403,596,110
51014C,2462,110
79066K,739,110
85038,1018,110
22096,1364,109
22475,281,109
22894,291,109
23054,268,109
21033,922,108
21159,1109,108
22243,3055,108
22565,818,108
22604,1173,108
22852,354,108
23131,894,108
47599B,1451,108
84535B,1272,108
85061W,1986,108
85231B,798,108
21071,849,107
21355,777,107
21749,1900,107
22396,1182,107
22740,6625,107
22778,757,107
22807,676,107
23360,1151,107
85035C,1105,107
21258,425,106
21866,537,106
22231,869,106
22650,800,106
22955,1005,106
23370,1359,106
23427,228,106
23508,2476,106
84078A,357,106
85183B,977,106
21042,303,105
22047,3400,105
22377,1038,105
22520,705,105
22731,1075,105
23244,925,105
51014L,1936,105
82001S,1508,105
84032A,449,105
21616,755,104
22718,1560,104
22831,684,104
22891,345,104
22947,536,104
23079,250,104
23314,393,104
23505,1065,104
21084,2199,103
21564,1016,103
22119,348,103
22378,1685,103
22671,919,103
23424,413,103
23552,1731,103
84212,10297,103
85071B,1256,103
85206A,916,103
21464,244,102
21991,471,102
22095,1578,102
22664,642,102
22678,751,102
22939,448,102
23251,1646,102
23282,753,102
84849D,479,102
85049D,539,102
22372,221,101
22853,431,101
23507,2841,101
21245,1014,100
21615,840,100
22026,1572,100
22680,745,100
22710,4425,100
22711,2852,100
21880,1458,99
22284,901,99
22306,1138,99
22708,2775,99
23372,1296,99
84536B,1684,99
84818,1424,99
21927,622,98
22176,489,98
22199,384,98
22581,1090,98
22715,1506,98
22948,1456,98
23274,1142,98
23341,282,98
23438,1796,98
37450,668,98
85178,2371,98
21123,975,97
22774,2007,97
22829,215,97
23273,928,97
23531,963,97
21504,1884,96
21864,610,96
22375,253,96
22498,229,96
22695,695,96
22985,3750,96
23235,729,96
72800E,453,96
85032A,738,96
15060B,411,95
22268,1838,95
22364,519,95
22691,344,95
22814,1581,95
22913,327,95
23316,236,95
23334,2154,95
23369,901,95
23400,448,95
23490,539,95
23510,2298,95
23551,1617,95
79000,3808,95
21389,1018,94
21407,233,94
21906,483,94
22244,1617,94
22521,607,94
22651,1992,94
22902,1212,94
23122,2093,94
23380,2159,94
23406,435,94
23445,2667,94
23543,1228,94
47593B,1663,94
72817,1048,94
84012,1212,94
84279P,339,94
21382,1045,93
21794,501,93
21883,1368,93
22152,2351,93
22228,852,93
22311,1054,93
22312,503,93
22314,517,93
22445,472,93
22756,554,93
22763,191,93
22863,693,93
23499,1247,93
85032B,751,93
21471,495,92
21622,364,92
22428,221,92
23065,257,92
23214,777,92
23436,1929,92
47504H,948,92
15034,6419,91
21447,749,91
21466,267,91
22203,310,91
22334,684,91
22592,506,91
22679,647,91
22933,876,91
23267,1158,91
23281,1270,91
23338,405,91
23526,882,91
72349B,689,91
84519B,426,91
21363,209,90
21642,2452,90
22116,505,90
22262,924,90
22285,834,90
22291,1243,90
22912,270,90
85034B,884,90
85071A,976,90
21742,193,89
21896,949,89
21913,305,89
22081,595,89
22215,330,89
22318,396,89
22946,370,89
23010,285,89
23250,1103,89
21786,1589,88
21830,2599,88
21873,1586,88
22092,668,88
22130,1505,88
22236,308,88
22292,1088,88
22350,1356,88
22742,628,88
22922,1482,88
22928,251,88
23061,964,88
23357,435,88
23373,1563,88
23375,1327,88
72802C,1375,88
17091J,2066,87
20985,1017,87
21058,1049,87
21679,1054,87
22025,1776,87
22035,1406,87
22269,841,87
22357,324,87
22399,1130,87
22449,365,87
22717,1170,87
22762,145,87
23121,2465,87
23227,1592,87
23502,690,87
84950,3361,87
85054,551,87
21528,179,86
22153,2459,86
22735,673,86
22949,947,86
23498,1591,86
21700,1266,85
21809,1859,85
22155,2203,85
22403,1223,85
22500,240,85
22539,2824,85
22860,567,85
23048,564,85
23501,1772,85
23511,526,85
35953,3017,85
82599,421,85
85049F,374,85
21207,982,84
22023,1143,84
22070,874,84
22420,1199,84
22481,694,84
22608,4933,84
23217,1290,84
23500,1585,84
37495,428,84
85032C,597,84
21530,756,83
22132,935,83
22474,244,83
23461,839,83
23545,2475,83
21055,146,82
21578,586,82
21624,204,82
21735,210,82
21845,1907,82
21947,596,82
22278,244,82
22293,821,82
22376,193,82
22953,460,82
23433,1215,82
21063,483,81
21224,734,81
21781,138,81
22063,544,81
22068,437,81
22362,349,81
22681,627,81
22911,438,81
23331,1492,81
23335,359,81
23452,510,81
85183A,657,81
16235,2665,80
21012,567,80
21677,766,80
21744,367,80
22443,153,80
22472,293,80
22509,205,80
22683,575,80
23164,564,80
23377,1203,80
23485,259,80
37500,338,80
85174,497,80
21249,672,79
22286,1051,79
22473,437,79
22682,618,79
22797,146,79
22799,198,79
23120,1648,79
23444,79,79
37413,701,79
84596L,1039,79
85059,290,79
15044A,428,78
16238,1261,78
21110,775,78
21395,2812,78
21467,215,78
22118,219,78
22266,1861,78
22476,811,78
22533,1745,78
23034,947,78
23153,248,78
23228,1397,78
23268,1435,78
23392,592,78
70006,2620,78
72807B,350,78
20886,453,77
21039,510,77
21059,573,77
21070,1033,77
21383,772,77
21439,1322,77
22233,541,77
22582,1029,77
22583,529,77
23075,470,77
23220,930,77
84006,832,77
21617,473,76
22200,326,76
22478,1417,76
22575,622,76
23066,245,76
23269,755,76
23315,202,76
23359,979,76
23491,226,76
37447,757,76
47580,330,76
85036C,742,76
16225,762,75
20967,257,75
21206,1220,75
21391,975,75
21446,400,75
21867,266,75
22046,2250,75
22074,1001,75
22168,139,75
22249,645,75
22267,828,75
22514,261,75
22923,1281,75
23138,875,75
23271,1622,75
23470,220,75
23559,566,75
40016,5524,75
72802B,968,75
85176,626,75
21088,1576,74
21626,742,74
22220,214,74
22442,292,74
22705,1900,74
22782,241,74
22924,1188,74
23094,147,74
23187,2338,74
23530,1043,74
23536,613,74
85017B,947,74
15044D,630,73
16236,1296,73
20665,340,73
21609,761,73
21824,1450,73
22085,507,73
22422,971,73
22686,859,73
84969,295,73
85049H,448,73
21201,1175,72
22071,711,72
22117,1290,72
22123,443,72
22128,1729,72
22251,520,72
22981,436,72
23020,176,72
23085,374,72
85071C,607,72
21403,1718,71
21469,250,71
21636,917,71
21894,476,71
23067,277,71
23226,1199,71
23412,351,71
84944,564,71
85035A,263,71
15039,1559,70
16008,2892,70
21096,1143,70
21792,331,70
22261,520,70
22414,253,70
22477,1290,70
22599,1489,70
22685,543,70
23186,1982,70
23317,162,70
23347,827,70
23401,443,70
23432,1274,70
23542,484,70
84581,166,70
85212,2452,70
21823,1196,69
22107,293,69
22320,183,69
22496,243,69
22615,2024,69
22660,327,69
22706,2050,69
22832,155,69
22934,560,69
23181,185,69
23225,1297,69
23391,361,69
16045,8900,68
21109,837,68
21354,753,68
21706,229,68
21828,314,68
21865,223,68
22438,900,68
23123,900,68
23161,1608,68
23249,802,68
23486,267,68
21125,598,67
21126,488,67
21462,192,67
21789,799,67
22252,650,67
22480,613,67
22526,112,67
22905,478,67
23223,747,67
23358,528,67
23431,1432,67
85034A,492,67
21014,1233,66
21015,1251,66
21056,174,66
21211,816,66
21586,731,66
21788,1203,66
21793,296,66
22452,388,66
22532,1063,66
22760,259,66
22821,834,66
23483,1322,66
72807A,340,66
85231G,573,66
16016,1273,65
21408,225,65
21925,403,65
22354,700,65
22495,242,65
22519,370,65
22524,592,65
22540,2451,65
22893,1464,65
72232,3317,65
79191C,1105,65
84880,303,65
85078,1746,65
85199L,925,65
20686,255,64
22021,350,64
22217,765,64
22282,111,64
22309,293,64
22406,319,64
22471,360,64
22932,872,64
23222,776,64
23381,1487,64
84884A,286,64
85071D,362,64
21215,868,63
21465,193,63
22230,926,63
22277,355,63
22343,1705,63
22416,850,63
22515,237,63
22591,374,63
23336,200,63
23469,320,63
23550,1850,63
37340,2042,63
37342,1435,63
72818,1821,63
11001,1252,62
20846,647,62
21107,840,62
21399,2047,62
21448,327,62
22229,495,62
22276,253,62
22359,162,62
23414,139,62
23513,556,62
23514,458,62
23547,1575,62
23553,558,62
84819,811,62
84929,2244,62
10125,1226,61
21062,501,61
21402,1290,61
21650,2197,61
22232,623,61
22307,729,61
22319,1346,61
22340,993,61
22529,816,61
23009,209,61
23107,340,61
23419,438,61
84519A,477,61
15044C,272,60
20764,128,60
21171,424,60
21272,503,60
21926,414,60
22133,702,60
22684,464,60
23160,1404,60
23337,169,60
23418,534,60
35648,814,60
84459B,676,60
84558A,293,60
85114C,457,60
85132B,513,60
20658,328,59
20956,730,59
21358,328,59
21773,920,59
21949,613,59
22497,178,59
22546,2065,59
23033,685,59
23073,142,59
23224,719,59
23408,310,59
23515,558,59
62018,4402,59
85159B,622,59
85185B,291,59
20767,217,58
20986,462,58
21294,1536,58
21401,1010,58
21820,291,58
21822,615,58
22167,121,58
22325,153,58
22857,1156,58
23183,178,58
23339,150,58
85032D,630,58
85187,324,58
21043,443,57
21209,1142,57
21537,327,57
21724,372,57
21879,1027,57
22250,449,57
22287,750,57
22321,760,57
22363,454,57
22518,333,57
22589,323,57
22944,2704,57
23088,760,57
23398,591,57
23405,237,57
84279B,182,57
84849B,232,57
21208,873,56
22057,578,56
22245,1199,56
22247,485,56
85194L,901,56
20832,1034,55
22134,637,55
22770,83,55
22811,775,55
23178,312,55
23326,3370,55
23402,281,55
72802A,316,55
84817,951,55
85194S,1163,55
16014,13328,54
20801,848,54
21064,176,54
21287,1788,54
21361,91,54
21817,908,54
21948,418,54
22313,553,54
22405,347,54
22479,1078,54
22517,186,54
22785,212,54
22808,320,54
23099,132,54
23509,1043,54
23554,421,54
47421,975,54
84520B,481,54
21060,356,53
21356,304,53
21680,804,53
22198,873,53
23026,504,53
35971,423,53
70007,732,53
84459A,671,53
85232D,175,53
18097C,673,52
20761,110,52
21061,412,52
21248,187,52
21774,835,52
22062,559,52
22190,566,52
22342,833,52
22450,184,52
22525,458,52
22701,436,52
22935,673,52
23003,541,52
23556,438,52
35810A,603,52
47480,692,52
79030G,1364,52
82616C,277,52
85036A,211,52
15058A,148,51
20762,101,51
20765,96,51
21069,1868,51
21204,419,51
21557,300,51
21618,303,51
21675,525,51
22310,531,51
22339,2283,51
22513,135,51
22598,815,51
23423,202,51
23517,312,51
23524,465,51
23549,1300,51
85039B,491,51
85111,1407,51
85114B,394,51
85130D,552,51
85132A,455,51
85170D,355,51
16218,3760,50
20755,292,50
21111,789,50
21198,964,50
21262,268,50
21468,123,50
21682,177,50
22136,334,50
22547,738,50
23106,283,50
23379,1175,50
47574A,423,50
82613D,470,50
85130B,816,50
10002,823,49
20839,452,49
21398,1499,49
21803,1138,49
22163,626,49
22336,2283,49
22393,487,49
23087,830,49
23219,404,49
23512,485,49
84031A,174,49
84763,573,49
85135C,78,49
85173,434,49
85203,570,49
15044B,307,48
21199,864,48
21205,209,48
21400,837,48
21683,297,48
21739,143,48
22067,389,48
22135,262,48
22265,514,48
22482,448,48
22511,245,48
22700,1194,48
23041,260,48
23555,422,48
72799E,394,48
79160,446,48
84509B,156,48
84968A,147,48
84968C,94,48
85169A,502,48
16048,1437,47
16219,2915,47
17021,2427,47
20766,113,47
21556,804,47
21654,946,47
21707,120,47
22260,410,47
22304,744,47
22545,1089,47
22707,1250,47
23253,214,47
23558,413,47
35004B,475,47
47310M,265,47
71038,239,47
79302M,355,47
82616B,308,47
16011,1773,46
17107D,171,46
20733,918,46
20772,218,46
21112,1245,46
21386,713,46
21422,1560,46
21576,177,46
21640,541,46
21802,1000,46
22181,577,46
22272,194,46
22279,480,46
22344,1049,46
22410,223,46
22453,334,46
22788,205,46
23025,317,46
23411,217,46
23453,323,46
23454,166,46
23566,786,46
84356,337,46
84509G,491,46
84912B,149,46
21373,507,45
21881,975,45
22073,300,45
22409,216,45
22461,231,45
22820,761,45
22862,143,45
23415,326,45
37327,1375,45
47563A,199,45
82613B,401,45
85159A,451,45
17012D,387,44
20802,648,44
21191,394,44
21311,478,44
21397,1016,44
21884,1017,44
22221,124,44
22248,383,44
22255,542,44
22305,684,44
23058,486,44
23104,116,44
23136,127,44
23435,679,44
23451,269,44
23462,77,44
23525,568,44
23695,727,44
35646,513,44
72122,292,44
17012C,363,43
20840,464,43
21454,318,43
21693,358,43
22043,1188,43
22281,109,43
22642,253,43
22702,1357,43
22824,55,43
23113,1138,43
23413,160,43
23460,108,43
23473,666,43
23527,416,43
23548,1075,43
84559B,216,43
84789,181,43
85035B,558,43
85130C,479,43
85214,103,43
17012F,365,42
20669,195,42
21219,323,42
21264,256,42
21365,348,42
21747,437,42
21812,218,42
22223,315,42
22270,211,42
22299,1316,42
22777,331,42
23135,1538,42
23487,78,42
23564,587,42
23598,421,42
47422,555,42
84559A,272,42
84673B,135,42
85036B,360,42
85114A,585,42
85177,775,42
85204,1876,42
15058B,115,41
16216,3316,41
20758,161,41
20966,589,41
21066,688,41
21067,203,41
21194,437,41
21220,239,41
21775,283,41
22254,594,41
22316,638,41
22341,405,41
22345,972,41
22510,210,41
22516,171,41
22640,186,41
22826,58,41
23057,677,41
23114,144,41
23409,208,41
23518,358,41
35095B,772,41
35923,1265,41
72598,459,41
84843,161,41
85144,222,41
20702,128,40
21065,487,40
21288,256,40
21291,920,40
21318,680,40
21374,294,40
21581,165,40
21804,178,40
21813,250,40
21821,223,40
22050,1225,40
22201,108,40
22264,1393,40
22611,219,40
22703,168,40
23150,139,40
23179,304,40
23216,518,40
23479,110,40
23516,292,40
35809A,389,40
72803A,530,40
84218,122,40
84674,187,40
84795B,167,40
84821,947,40
84927F,295,40
85039A,445,40
85172,1328,40
20704,211,39
21192,925,39
21200,1010,39
21246,175,39
21688,316,39
21972,292,39
22051,1000,39
22288,453,39
22317,172,39
22504,160,39
22543,1436,39
22559,387,39
22709,1325,39
23060,244,39
23117,85,39
23324,381,39
85202,300,39
16258A,445,38
21441,376,38
21613,221,38
21717,405,38
21723,371,38
21784,51,38
21882,600,38
22100,729,38
22165,267,38
22446,161,38
22451,202,38
22638,255,38
22655,60,38
22861,292,38
23115,147,38
23523,357,38
23691,1175,38
35004C,393,38
84912A,103,38
85141,123,38
85230B,1264,38
20866,409,37
20931,263,37
21352,311,37
22069,220,37
22322,390,37
22454,228,37
22786,108,37
23056,869,37
23134,1064,37
23562,245,37
35964,624,37
46000R,101,37
72586,626,37
79051A,791,37
82613C,361,37
84031B,94,37
84926E,990,37
85116,694,37
85136A,51,37
85180A,434,37
85186A,525,37
17012B,455,36
18098C,193,36
20768,131,36
20777,95,36
21263,165,36
21306,487,36
21442,389,36
21684,764,36
21726,231,36
22044,816,36
22129,992,36
22182,206,36
22246,278,36
22258,722,36
22308,145,36
22389,329,36
22647,721,36
23040,246,36
23055,561,36
23086,1194,36
23142,116,36
23180,104,36
23456,158,36
23482,415,36
72800B,140,36
84660A,837,36
84754,502,36
16012,1244,35
20615,231,35
21222,198,35
21251,165,35
21367,163,35
21695,283,35
22687,568,35
23074,225,35
23140,160,35
23272,352,35
23425,237,35
23539,237,35
40001,755,35
79190B,655,35
84508A,1630,35
84596E,392,35
20655,89,34
20716,314,34
21106,193,34
21161,131,34
21719,301,34
22060,233,34
22448,187,34
22719,463,34
22802,66,34
23046,347,34
23327,1710,34
23455,206,34
23528,462,34
35095A,811,34
37482P,489,34
79190A,340,34
84569D,269,34
85040B,135,34
85129D,166,34
85135B,47,34
85188A,302,34
16054,1166,33
20652,150,33
20681,125,33
20838,330,33
21187,330,33
21188,294,33
21285,350,33
21472,119,33
21520,457,33
21666,384,33
21944,232,33
22194,53,33
22256,262,33
22444,763,33
22936,258,33
23070,147,33
23218,372,33
35651,330,33
72128,189,33
79163,1517,33
84341B,618,33
84951A,363,33
84993A,305,33
85186C,413,33
17084N,1025,32
20622,163,32
20684,78,32
21371,275,32
21417,289,32
21455,271,32
21579,154,32
21644,215,32
21676,211,32
21708,139,32
21725,274,32
22031,363,32
22048,975,32
22346,885,32
22512,118,32
22783,462,32
22903,153,32
35954,1124,32
47503H,96,32
84510C,98,32
16259,3380,31
20707,155,31
20803,917,31
20868,381,31
21351,101,31
21638,235,31
21643,490,31
21648,654,31
21709,87,31
21710,84,31
21743,275,31
22032,361,31
22049,1025,31
23069,89,31
23422,196,31
23533,210,31
23565,348,31
23660,293,31
35924,724,31
71270,207,31
72816,827,31
84625A,455,31
84820,261,31
84849A,155,31
84926A,597,31
84926D,705,31
84951B,334,31
84968D,62,31
85124C,84,31
15058C,193,30
20735,158,30
20748,53,30
20757,164,30
21368,161,30
21415,206,30
21973,159,30
22204,96,30
22280,177,30
22390,261,30
22643,185,30
23185,323,30
23325,444,30
23458,51,30
23472,55,30
23520,166,30
23529,629,30
35241,89,30
47594B,91,30
72800C,126,30
72819,208,30
79030D,462,30
84508B,57,30
84826,1162,30
84859A,123,30
84968F,78,30
85094,502,30
10120,193,29
20659,95,29
21189,165,29
21696,226,29
21945,225,29
22324,228,29
23457,105,29
23557,347,29
23576,185,29
35967,381,29
37475,57,29
37501,102,29
72127,168,29
72800D,86,29
84660B,697,29
84976,502,29
85124B,82,29
85170C,252,29
20618,68,28
20705,143,28
20770,108,28
20998,119,28
21741,131,28
22040,725,28
22108,101,28
22806,243,28
22954,165,28
23019,81,28
23420,160,28
23568,580,28
23597,248,28
35965,181,28
47518F,827,28
84199,129,28
84625C,439,28
84974,40,28
85019A,409,28
85025C,308,28
17084R,4032,27
20771,71,27
20856,140,27
21054,68,27
21261,167,27
22162,106,27
22242,631,27
22688,700,27
23027,287,27
23474,297,27
23481,217,27
23538,327,27
47578A,198,27
47585A,102,27
71279,156,27
84596J,469,27
84660C,639,27
20617,66,26
20769,66,26
20936,92,26
21143,296,26
21292,865,26
21317,96,26
21359,127,26
21587,197,26
22053,4236,26
22337,635,26
22538,387,26
22827,35,26
23421,154,26
23428,70,26
23471,65,26
23475,280,26
23492,74,26
23532,205,26
23697,438,26
46000U,107,26
47570B,180,26
47594A,52,26
79191B,154,26
84569A,191,26
84920,73,26
85200,183,26
16169M,660,25
17091A,172,25
20616,134,25
20763,71,25
20867,187,25
21167,1260,25
21284,385,25
21372,67,25
21427,77,25
21562,319,25
21629,53,25
21807,415,25
22042,372,25
22618,66,25
22803,46,25
22825,70,25
23021,118,25
23042,99,25
23047,58,25
23484,174,25
35911A,205,25
79190D,227,25
84192,115,25
84507C,63,25
84531A,140,25
84531B,150,25
84663A,260,25
84673A,63,25
84707A,66,25
84823,112,25
84931B,134,25
85016,522,25
85019B,498,25
85107,243,25
85131A,469,25
85136C,35,25
85169B,201,25
85230G,1032,25
85232A,74,25
16015,662,24
17012A,270,24
20831,169,24
21051,108,24
21089,231,24
21195,417,24
21221,201,24
21580,90,24
21627,38,24
21647,117,24
21846,72,24
22101,837,24
22353,61,24
22641,112,24
22761,34,24
23044,103,24
23124,503,24
23495,192,24
23579,151,24
23694,348,24
35001G,157,24
35598D,660,24
35637A,166,24
47471,264,24
72130,215,24
81952V,367,24
84051,280,24
84313C,461,24
84924A,72,24
85205B,116,24
85208,161,24
85213,821,24
85230E,1101,24
90200B,67,24
90200D,99,24
20654,105,23
20773,56,23
21038,77,23
21379,147,23
21503,726,23
21634,948,23
21641,1102,23
21689,92,23
21711,86,23
21904,51,23
21942,161,23
22052,571,23
22124,79,23
22407,94,23
23023,272,23
23045,116,23
23661,204,23
35599B,209,23
84247E,83,23
84247G,336,23
84509C,78,23
84568,12480,23
84926F,423,23
85064,205,23
85170B,179,23
16161G,700,22
20619,142,22
20657,61,22
20756,63,22
20774,52,22
20932,189,22
21026,143,22
21378,129,22
21424,227,22
21630,54,22
21698,266,22
21801,457,22
21849,52,22
22408,137,22
22856,564,22
23039,192,22
23064,220,22
23072,326,22
23139,407,22
23496,88,22
23521,388,22
23575,164,22
35598B,554,22
35819B,268,22
71101E,348,22
84352,33,22
84659A,134,22
84800L,360,22
84813,145,22
84931A,84,22
84968E,87,22
85169D,232,22
90057,1008,22
10080,291,21
20760,69,21
21028,116,21
21030,121,21
21147,89,21
21364,25,21
21445,214,21
21808,100,21
21850,61,21
22033,336,21
22214,114,21
22541,466,21
23017,64,21
23022,416,21
23417,140,21
23466,49,21
23522,341,21
23537,98,21
23580,111,21
35810B,147,21
71406C,138,21
72799F,128,21
84457,120,21
84563B,73,21
84859C,83,21
85025B,305,21
85169C,336,21
85180B,196,21
16168M,329,20
20759,64,20
20775,64,20
20781,32,20
20830,75,20
20934,54,20
21129,45,20
21202,449,20
21277,23,20
21324,69,20
21694,303,20
21721,175,20
21841,73,20
21911,105,20
22127,402,20
22216,327,20
22656,26,20
22882,83,20
23018,50,20
23137,80,20
23429,44,20
23544,164,20
23560,164,20
35004G,126,20
37479P,130,20
72780,137,20
77101A,386,20
82011C,51,20
84508C,52,20
84535A,398,20
84600,48,20
84687,70,20
84876B,203,20
84913B,70,20
85088,188,20
85093,451,20
17038,1501,19
17129F,427,19
20893,259,19
21289,443,19
21377,93,19
21456,161,19
21458,158,19
22038,475,19
22289,126,19
22869,69,19
23016,69,19
23043,75,19
23149,97,19
23151,60,19
23459,33,19
23519,219,19
35599D,186,19
44234,645,19
47481,222,19
51008,511,19
79164,1672,19
82011B,41,19
84086C,140,19
84228,284,19
84806B,296,19
85127,80,19
16156L,475,18
21269,28,18
21286,255,18
21293,101,18
21459,75,18
21473,22,18
21476,31,18
21686,33,18
21738,45,18
21815,132,18
21826,93,18
22102,1533,18
22263,256,18
22391,146,18
23037,193,18
23141,68,18
23410,36,18
23416,123,18
23476,198,18
23567,187,18
35912B,249,18
35914,136,18
35968,145,18
46118,193,18
51020A,325,18
72131,137,18
72799C,80,18
79067,143,18
84231,105,18
84247N,22,18
84584,83,18
84725,41,18
84744,108,18
84898F,45,18
84916,212,18
84985A,42,18
85027L,70,18
85125,129,18
85163A,45,18
85197,33,18
85230A,840,18
90200E,76,18
17136A,404,17
18007,5856,17
20780,37,17
20782,40,17
20836,170,17
20854,166,17
20869,139,17
20941,61,17
21027,101,17
21131,93,17
21250,92,17
21426,213,17
21518,265,17
21656,117,17
21664,97,17
22183,74,17
22202,39,17
23071,317,17
23116,72,17
23430,35,17
35653,47,17
35818P,264,17
37479B,127,17
78124,191,17
84360,74,17
84592,70,17
84609,90,17
84665,105,17
84796B,69,17
84989A,28,17
84993B,57,17
85179A,119,17
85211,142,17
20819,48,16
21000,46,16
21025,100,16
21128,47,16
21132,35,16
21253,66,16
21265,128,16
21425,67,16
21457,115,16
21547,72,16
21628,44,16
21631,155,16
21662,74,16
21678,104,16
21750,78,16
22166,122,16
22257,283,16
22259,384,16
22394,160,16
22447,75,16
22503,64,16
22884,75,16
23125,405,16
35933,222,16
35972,96,16
37489D,40,16
72225C,600,16
84452,74,16
84658,46,16
85020,78,16
85129B,101,16
90160C,41,16
90200A,41,16
DOT,16,16
18094C,134,15
20794,85,15
20837,141,15
21032,65,15
21333,55,15
21635,270,15
21657,28,15
21722,65,15
21851,26,15
22103,1165,15
22395,134,15
22459,375,15
22870,67,15
23015,37,15
23036,183,15
23465,28,15
47021G,518,15
47348A,97,15
51020B,197,15
79144B,108,15
84251G,180,15
84875B,125,15
84882,34,15
85160B,105,15
90030B,112,15
90058B,612,15
90119,60,15
90161C,45,15
20847,46,14
21117,115,14
21157,49,14
21360,37,14
21633,87,14
21758,32,14
22458,513,14
22875,51,14
23574,14,14
35915B,91,14
37444A,49,14
37489A,33,14
47343A,159,14
72801C,138,14
79063C,235,14
82613A,67,14
84251B,157,14
84429A,47,14
84461,41,14
84507B,31,14
84563A,59,14
84708B,53,14
84741C,60,14
84766,146,14
84827,511,14
84917,170,14
84925F,80,14
84927A,46,14
85104,196,14
85163B,44,14
90214A,63,14
16046,67,13
17084P,349,13
17096,2516,13
21197,243,13
21270,14,13
21307,79,13
21369,98,13
21376,33,13
21420,48,13
21421,298,13
22415,19,13
22823,24,13
22872,55,13
22873,47,13
22877,56,13
22881,79,13
22886,74,13
22929,19,13
23561,167,13
44235,539,13
46775D,24,13
47420,202,13
62086A,86,13
71403,54,13
72133,39,13
75131,488,13
84249A,160,13
84313B,76,13
84597C,46,13
84637,29,13
84707B,29,13
84952B,145,13
85049B,54,13
85131B,142,13
85145,38,13
90099,20,13
15030,143,12
17090D,29,12
21001,25,12
21279,65,12
21280,65,12
21319,147,12
21418,59,12
21555,55,12
21814,75,12
22104,151,12
22106,286,12
22164,71,12
22885,79,12
23143,25,12
37468,64,12
37489B,31,12
46138B,43,12
47593A,33,12
72132,28,12
72801D,58,12
75011,172,12
84358,32,12
84638,19,12
84661B,95,12
84750B,61,12
84876D,125,12
85023B,104,12
85024B,193,12
85039C,222,12
85129C,77,12
85131D,115,12
85230F,338,12
90094,13,12
90147,21,12
90161B,45,12
90201C,52,12
90209C,231,12
90214K,47,12
17013D,532,11
20699,29,11
20845,19,11
20980,27,11
21320,186,11
21946,72,11
22137,68,11
22157,212,11
22874,54,11
22876,52,11
22878,52,11
22880,72,11
22883,78,11
22887,66,11
23468,19,11
23578,56,11
35265,16,11
35833P,37,11
35920,67,11
35921,54,11
37333,14,11
37467,128,11
40003,147,11
47341B,45,11
47367B,57,11
47469,359,11
72801G,55,11
79071B,20,11
79403,89,11
84569B,76,11
84661A,94,11
84709B,20,11
84712B,19,11
84800M,127,11
84806A,137,11
84847,21,11
84865,26,11
84877D,88,11
84915,199,11
84927D,45,11
84927E,57,11
85096,20,11
85131C,73,11
90086,85,11
90114,66,11
90145,21,11
90160A,31,11
90184B,21,11
90198B,30,11
90201A,47,11
90209B,105,11
BANK CHARGES,12,11
17090A,109,10
20694,36,10
20696,32,10
20903,20,10
21031,40,10
21087,126,10
21357,19,10
21366,24,10
21375,24,10
21413,36,10
21651,131,10
21761,10,10
21943,57,10
22105,506,10
22486,52,10
22868,54,10
22871,52,10
23024,254,10
23478,278,10
23540,146,10
35922,28,10
47591B,38,10
79063D,189,10
79337,644,10
82011A,16,10
84466,46,10
84629,20,10
84678,138,10
84706F,16,10
84796A,14,10
84816,13,10
84846A,53,10
84859B,31,10
84870B,20,10
84870C,20,10
84906,28,10
84913A,37,10
84925D,15,10
85017C,50,10
85019C,181,10
85045,41,10
85055,37,10
85095,66,10
85130A,77,10
90014A,16,10
90082A,21,10
90082B,27,10
90162B,27,10
90198A,34,10
90201B,64,10
16254,31,9
17164B,29,9
20697,19,9
20894,25,9
20933,23,9
21095,95,9
21196,89,9
21275,10,9
21316,149,9
21460,26,9
23304,71,9
23305,82,9
35913B,35,9
37476,17,9
47351B,86,9
75178,455,9
79026B,25,9
81952B,200,9
84226,49,9
84247K,23,9
84510E,25,9
84576,57,9
84595E,64,9
84631,17,9
84685,21,9
84799,220,9
84800S,113,9
84842,14,9
84877B,126,9
84919,29,9
84952C,140,9
85006,55,9
85024C,12,9
85026B,75,9
85106,530,9
85161,12,9
85232B,268,9
90018A,17,9
90019A,18,9
90098,28,9
90160D,32,9
90161D,31,9
90201D,46,9
90214C,52,9
16169K,200,8
17084J,225,8
20731,74,8
20778,15,8
20795,44,8
20796,61,8
20826,276,8
20848,21,8
20857,32,8
20897,85,8
21040,22,8
21100,43,8
21145,122,8
21332,14,8
21370,15,8
21720,57,8
21910,36,8
22879,62,8
22888,63,8
23477,85,8
35915C,49,8
37343,62,8
37489C,23,8
46776F,19,8
47586A,21,8
62096A,106,8
71510,52,8
72134,98,8
72140E,31,8
75172,93,8
79149B,18,8
81950B,117,8
84247L,108,8
84422,551,8
84509E,70,8
84686,49,8
84688,34,8
84711B,15,8
84748,28,8
84751B,19,8
84760S,43,8
84804A,70,8
84857C,95,8
84875D,51,8
85028S,24,8
85086A,45,8
85146,43,8
85185D,15,8
85188B,75,8
85215,163,8
85216,55,8
90014B,10,8
90016B,9,8
90030C,74,8
90081A,15,8
90087,90,8
90123A,14,8
90160B,21,8
90166,14,8
90175A,9,8
90185D,32,8
90192,23,8
90204,17,8
90214E,41,8
16162M,26,7
16248B,13,7
17014A,154,7
17084A,200,7
17165D,27,7
20698,16,7
20823,164,7
20835,66,7
20851,9,7
20878,25,7
21190,168,7
21278,43,7
21331,11,7
21349,12,7
21393,29,7
21614,48,7
21690,24,7
21692,17,7
21816,34,7
21898,445,7
22039,250,7
22828,10,7
22889,147,7
23442,42,7
23463,12,7
35607B,96,7
35637C,28,7
35819P,95,7
35957,558,7
37444C,21,7
46776B,15,7
47013C,43,7
72709,44,7
78033,37,7
79191D,25,7
84033,23,7
84086B,16,7
84465,10,7
84497,13,7
84683,187,7
84711A,14,7
84874B,34,7
85008,12,7
85018D,12,7
85031A,16,7
85087,40,7
85167B,48,7
85168B,17,7
85179C,69,7
90003D,18,7
90010E,10,7
90030A,72,7
90058A,324,7
90063A,11,7
90120C,31,7
90143,19,7
90162C,14,7
90164B,28,7
90184C,11,7
90191,22,7
90195A,16,7
90199C,17,7
90206C,13,7
90214D,39,7
90214G,34,7
16052,467,6
16162L,17,6
17011F,80,6
20653,33,6
20670,8,6
20902,33,6
21003,13,6
21281,35,6
21392,32,6
21637,109,6
22830,131,6
23038,41,6
23303,65,6
23464,16,6
35649,16,6
40046A,50,6
44089C,24,6
44092C,20,6
44236,52,6
46126A,48,6
46776A,14,6
46776C,11,6
47344B,44,6
47369A,8,6
71050,33,6
72811,49,6
75013B,25,6
78034B,8,6
79144C,64,6
79406,140,6
81950V,21,6
84388,24,6
84462,12,6
84522,12,6
84527,47,6
84616,11,6
84723,41,6
84804B,99,6
84910A,10,6
84952A,38,6
84984A,19,6
85030,15,6
85084,17,6
85103,91,6
85118,142,6
85135A,15,6
85198,86,6
90000A,11,6
90002D,10,6
90032,19,6
90062,20,6
90064B,11,6
90081C,11,6
90093,47,6
90108,64,6
90125A,109,6
90129B,21,6
90129C,17,6
90158,14,6
90161A,9,6
90164A,19,6
90170,46,6
90175C,9,6
90177D,17,6
90178A,6,6
90186B,12,6
90194,12,6
90200C,20,6
90205A,16,6
90210B,40,6
90214H,22,6
90214P,28,6
90214S,40,6
10124A,16,5
16049,504,5
16207A,13,5
17109D,61,5
20661,9,5
20662,11,5
20785,14,5
20798,36,5
20821,16,5
20997,15,5
21002,13,5
21344,14,5
21348,139,5
21632,60,5
21736,80,5
21847,9,5
23440,164,5
23467,23,5
35001W,92,5
35400,10,5
35443,7,5
35638A,38,5
35815P,162,5
35916C,54,5
44092B,14,5
46000P,17,5
46776E,14,5
47341A,27,5
62043B,17,5
71495B,160,5
71496A,114,5
72051S,46,5
84534B,46,5
84597B,41,5
84598,1248,5
84632,6,5
84661C,62,5
84745A,32,5
84745B,32,5
84801A,46,5
84809A,38,5
84858C,185,5
84881,11,5
84921,11,5
84922,8,5
84984B,17,5
85067,7,5
85089,14,5
90003C,12,5
90010A,7,5
90018B,8,5
90031,48,5
90036E,7,5
90063B,8,5
90120B,20,5
90122C,17,5
90123C,13,5
90125D,74,5
90129F,16,5
90148,8,5
90154,57,5
90162D,10,5
90180A,13,5
90183A,20,5
90185A,22,5
90185C,21,5
90196A,8,5
90210C,94,5
90210D,104,5
90214J,23,5
90214L,51,5
90214M,27,5
90214N,18,5
10124G,17,4
16033,840,4
18097A,5,4
20666,4,4
20695,5,4
20700,10,4
20793,8,4
20898,25,4
20935,6,4
21018,22,4
21226,9,4
21416,5,4
21461,9,4
21486,8,4
21763,6,4
21785,411,4
22184,8,4
22833,75,4
22987,100,4
23447,158,4
35591T,5,4
35638B,56,4
35910A,20,4
35911B,17,4
37462E,27,4
40005B,12,4
44089A,15,4
47013A,14,4
62074B,16,4
71496B,13,4
72812,18,4
72821,11,4
79062D,52,4
82095,7,4
84575A,14,4
84666,24,4
84691,242,4
84984D,13,4
85028L,10,4
85206B,14,4
90000D,6,4
90013C,11,4
90016A,14,4
90022,8,4
90023,8,4
90036A,6,4
90036D,11,4
90073,13,4
90082D,8,4
90083,19,4
90101,15,4
90123B,8,4
90124A,6,4
90124C,7,4
90151,8,4
90155,6,4
90174,16,4
90176D,7,4
90184A,8,4
90190C,5,4
90196B,4,4
90208,10,4
90209A,84,4
90214R,15,4
10123C,5,3
16010,30,3
16151A,49,3
16202E,15,3
16207B,4,3
17012E,59,3
17174,9,3
20663,3,3
20664,6,3
20701,6,3
20910,8,3
21336,8,3
21661,3,3
21757,6,3
21777,7,3
21827,6,3
22765,25,3
22769,6,3
23441,22,3
23446,157,3
23448,25,3
23702,4,3
35645,4,3
35809B,8,3
35818B,31,3
35909A,8,3
35910B,13,3
35916A,20,3
35958,12,3
37423,78,3
37444B,4,3
37488A,28,3
44091A,9,3
44242B,52,3
46776D,12,3
47369B,3,3
47589,13,3
62094B,13,3
62097B,9,3
72024U,72,3
72369A,28,3
72798C,7,3
79157V,5,3
79331,26,3
79336,36,3
81953B,11,3
81953P,28,3
82605,14,3
84206A,24,3
84402B,61,3
84548,15,3
84549,31,3
84613A,6,3
84617,3,3
84706D,6,3
84715,16,3
84798A,14,3
84801B,22,3
84803B,15,3
84805A,30,3
84805B,38,3
84840,3,3
84872A,3,3
84907,5,3
84924F,10,3
85189,9,3
85195,11,3
85225,6,3
90001D,5,3
90003B,6,3
90010B,7,3
90013A,16,3
90014C,4,3
90018C,6,3
90019C,4,3
90026D,3,3
90040C,7,3
90049,5,3
90051,6,3
90059B,9,3
90059C,8,3
90059E,10,3
90059F,9,3
90060D,3,3
90064A,7,3
90065A,8,3
90067A,10,3
90070,8,3
90072,10,3
90096,8,3
90116,16,3
90122A,8,3
90124B,4,3
90125B,19,3
90125C,73,3
90129A,7,3
90130B,9,3
90133,9,3
90142D,9,3
90144,7,3
90146,13,3
90149,52,3
90152A,3,3
90173,16,3
90177C,13,3
90180B,3,3
90185B,13,3
90186A,5,3
90195B,3,3
90199A,8,3
90205C,6,3
90206A,6,3
90210A,26,3
90211A,5,3
90214I,25,3
90214V,14,3
90214Y,61,3
PADS,3,3
16020C,6,2
16043,98,2
16169P,50,2
16202A,7,2
16202B,29,2
16206B,7,2
16244B,7,2
17007B,24,2
17191A,4,2
20671,10,2
20816,8,2
20818,12,2
20820,5,2
20827,88,2
20861,2,2
20901,4,2
20906,3,2
21011,18,2
21228,5,2
21488,3,2
21538,5,2
21655,36,2
21681,2,2
21769,11,2
21836,3,2
21897,402,2
22764,3,2
23692,50,2
35271S,19,2
35597D,46,2
35598A,9,2
35598C,2,2
35647,13,2
35816P,78,2
35817P,18,2
35909B,8,2
35966,27,2
37464,3,2
37487B,68,2
37509,2,2
44228,36,2
45013,3,2
46115B,12,2
47556B,2600,2
47574B,4,2
71215,11,2
71495A,96,2
72783,16,2
79151B,11,2
79157B,4,2
79161A,2,2
79192A,3,2
79329,12,2
84201B,13,2
84206C,8,2
84251C,24,2
84306,2,2
84415A,12,2
84415B,6,2
84499,7,2
84562A,2,2
84675,9,2
84679,6,2
84689,3,2
84731,2,2
84732B,22,2
84732D,11,2
84798B,7,2
84824,2,2
84873A,2,2
84905,12,2
84968B,2,2
84975,5,2
84990,2,2
85017A,6,2
85047,3,2
85092,27,2
85136B,2,2
90000B,3,2
90001B,4,2
90001C,2,2
90003E,8,2
90011B,7,2
90012A,8,2
90012B,12,2
90019B,2,2
90024B,4,2
90025A,2,2
90026B,2,2
90026C,3,2
90029,3,2
90035A,4,2
90036B,4,2
90036C,6,2
90039D,14,2
90040A,6,2
90040B,4,2
90042A,3,2
90043,4,2
90050,6,2
90079,5,2
90085,24,2
90089,25,2
90103,8,2
90120D,2,2
90123D,3,2
90129D,8,2
90136,3,2
90141A,4,2
90141B,6,2
90141C,4,2
90156,3,2
90157,7,2
90159,3,2
90163A,4,2
90175D,3,2
90176E,3,2
90177B,7,2
90179A,3,2
90188,3,2
90189A,2,2
90199D,2,2
90202B,7,2
90202C,7,2
90202D,12,2
90211B,4,2
90212C,6,2
90214B,13,2
90214F,13,2
16161M,25,1
16169N,25,1
17001,72,1
17028J,6,1
20667,1,1
20678,4,1
20703,1,1
20892,1,1
20964,2,1
21268,2,1
21310,1,1
21414,1,1
21667,2,1
21839,1,1
21895,1,1
22034,3,1
22125,4,1
22145,30,1
22146,1,1
22218,1,1
22275,69,1
22323,1,1
22351,12,1
23449,12,1
23630,1,1
23664,1,1
23843,80995,1
35004P,1,1
35597A,1,1
35597B,1,1
35607A,24,1
35610A,8,1
35610B,24,1
35610C,24,1
35650,1,1
35916B,6,1
37330,6,1
37351,4,1
37379A,6,1
37461,1,1
37471,12,1
37491B,4,1
37491C,8,1
37491D,2,1
44242A,12,1
44265,2,1
47016,2,1
47503J,1,1
47579,1,1
62096B,2,1
71143,10,1
72815,2,1
77079,1,1
79323B,8,1
79323P,4,1
82615,36,1
84016,25,1
84201C,5,1
84206B,5,1
84227,1,1
84387A,11,1
84539,16,1
84550,1,1
84551,1,1
84569C,1,1
84593,5,1
84613C,1,1
84614A,2,1
84620,2,1
84705C,12,1
84743C,1,1
84746,3,1
84750A,24,1
84773,3,1
84795C,2,1
84802A,2,1
84802B,4,1
84809B,18,1
84854,5,1
84857B,24,1
84877A,12,1
84963A,4,1
84963B,3,1
85031B,1,1
85031C,3,1
85109,12,1
85170A,1,1
85224,3,1
90001A,2,1
90011A,1,1
90021,1,1
90024C,2,1
90024D,1,1
90024F,2,1
90025F,1,1
90026A,2,1
90027A,4,1
90027D,4,1
90028,2,1
90033,2,1
90035C,2,1
90036F,4,1
90037B,6,1
90038A,6,1
90038B,6,1
90038C,6,1
90039A,6,1
90039B,6,1
90039C,1,1
90041,2,1
90046,3,1
90048,3,1
90054,1,1
90055,1,1
90059A,6,1
90059D,6,1
90060B,1,1
90065B,1,1
90069,2,1
90071,1,1
90074,2,1
90076,6,1
90078,2,1
90084,1,1
90100,1,1
90102,10,1
90104,1,1
90118,6,1
90122B,1,1
90125E,1,1
90128B,1,1
90129E,6,1
90130A,1,1
90131,4,1
90135,6,1
90138,4,1
90141D,3,1
90141E,3,1
90152B,1,1
90152C,1,1
90162A,6,1
90163B,2,1
90165B,1,1
90167,10,1
90168,6,1
90169,6,1
90176A,2,1
90176B,2,1
90176C,2,1
90177A,6,1
90177E,6,1
90178B,1,1
90179C,1,1
90181A,1,1
90182C,6,1
90183C,1,1
90187B,4,1
90190A,6,1
90190B,6,1
90197B,3,1
90199B,2,1
90202A,6,1
90212B,3,1
90214O,12,1
90214T,12,1
90214U,12,1
90214W,12,1
90214Z,12,1
